[041月2026 00:11:10.052] [main/INFO] [cpw.mods.modlauncher.Launcher/MODLAUNCHER]: ModLauncher running: args [--launchTarget, forgedatauserdev, --assetIndex, 5, --assetsDir, C:\Users\lenovo\.gradle\caches\forge_gradle\assets, --gameDir, ., --fml.forgeVersion, 47.3.29, --fml.mcVersion, 1.20.1, --fml.forgeGroup, net.minecraftforge, --fml.mcpVersion, 20230612.114412, --mod, ars_extensions, --all, --output, F:\ArsExtensions\src\generated\resources, --existing, F:\ArsExtensions\src\main\resources, --mixin.config, ars_extensions.mixins.json]
[041月2026 00:11:10.067] [main/INFO] [cpw.mods.modlauncher.Launcher/MODLAUNCHER]: ModLauncher 10.0.9+10.0.9+main.dcd20f30 starting: java version 17.0.14 by Eclipse Adoptium; OS Windows 11 arch amd64 version 10.0
[041月2026 00:11:10.101] [main/DEBUG] [cpw.mods.modlauncher.LaunchServiceHandler/MODLAUNCHER]: Found launch services [fmlclientdev,forgeclient,minecraft,forgegametestserverdev,fmlserveruserdev,fmlclient,fmldatauserdev,forgeserverdev,forgeserveruserdev,forgeclientdev,forgeclientuserdev,forgeserver,forgedatadev,fmlserver,fmlclientuserdev,fmlserverdev,forgedatauserdev,testharness,forgegametestserveruserdev]
[041月2026 00:11:10.128] [main/DEBUG] [cpw.mods.modlauncher.NameMappingServiceHandler/MODLAUNCHER]: Found naming services : [srgtomcp]
[041月2026 00:11:10.161] [main/DEBUG] [cpw.mods.modlauncher.LaunchPluginHandler/MODLAUNCHER]: Found launch plugins: [mixin,eventbus,slf4jfixer,object_holder_definalize,runtime_enum_extender,capability_token_subclass,accesstransformer,runtimedistcleaner]
[041月2026 00:11:10.176] [main/DEBUG] [cpw.mods.modlauncher.TransformationServicesHandler/MODLAUNCHER]: Discovering transformation services
[041月2026 00:11:10.189] [main/DEBUG] [net.minecraftforge.fml.loading.FMLPaths/CORE]: Path GAMEDIR is F:\ArsExtensions\run-data
[041月2026 00:11:10.189] [main/DEBUG] [net.minecraftforge.fml.loading.FMLPaths/CORE]: Path MODSDIR is F:\ArsExtensions\run-data\mods
[041月2026 00:11:10.190] [main/DEBUG] [net.minecraftforge.fml.loading.FMLPaths/CORE]: Path CONFIGDIR is F:\ArsExtensions\run-data\config
[041月2026 00:11:10.190] [main/DEBUG] [net.minecraftforge.fml.loading.FMLPaths/CORE]: Path FMLCONFIG is F:\ArsExtensions\run-data\config\fml.toml
[041月2026 00:11:10.299] [main/DEBUG] [cpw.mods.modlauncher.TransformationServicesHandler/MODLAUNCHER]: Found additional transformation services from discovery services: 
[041月2026 00:11:10.316] [main/INFO] [net.minecraftforge.fml.loading.ImmediateWindowHandler/]: ImmediateWindowProvider not loading because launch target is forgedatauserdev
[041月2026 00:11:10.323] [main/DEBUG] [cpw.mods.modlauncher.TransformationServicesHandler/MODLAUNCHER]: Found transformer services : [mixin,fml]
[041月2026 00:11:10.323] [main/DEBUG] [cpw.mods.modlauncher.TransformationServicesHandler/MODLAUNCHER]: Transformation services loading
[041月2026 00:11:10.324] [main/DEBUG] [cpw.mods.modlauncher.TransformationServiceDecorator/MODLAUNCHER]: Loading service mixin
[041月2026 00:11:10.325] [main/DEBUG] [cpw.mods.modlauncher.TransformationServiceDecorator/MODLAUNCHER]: Loaded service mixin
[041月2026 00:11:10.325] [main/DEBUG] [cpw.mods.modlauncher.TransformationServiceDecorator/MODLAUNCHER]: Loading service fml
[041月2026 00:11:10.326] [main/DEBUG] [net.minecraftforge.fml.loading.LauncherVersion/CORE]: Found FMLLauncher version 1.0
[041月2026 00:11:10.326] [main/DEBUG] [net.minecraftforge.fml.loading.FMLLoader/CORE]: FML 1.0 loading
[041月2026 00:11:10.326] [main/DEBUG] [net.minecraftforge.fml.loading.FMLLoader/CORE]: FML found ModLauncher version : 10.0.9+10.0.9+main.dcd20f30
[041月2026 00:11:10.326] [main/DEBUG] [net.minecraftforge.fml.loading.FMLLoader/CORE]: Requesting CoreMods to not apply the fix for ASMAPI.findFirstInstructionBefore by default
[041月2026 00:11:10.328] [main/DEBUG] [net.minecraftforge.fml.loading.FMLLoader/CORE]: FML found AccessTransformer version : 8.0.4+66+master.c09db6d7
[041月2026 00:11:10.329] [main/DEBUG] [net.minecraftforge.fml.loading.FMLLoader/CORE]: FML found EventBus version : 6.0.5+6.0.5+master.eb8e549b
[041月2026 00:11:10.330] [main/DEBUG] [net.minecraftforge.fml.loading.FMLLoader/CORE]: Found Runtime Dist Cleaner
[041月2026 00:11:10.334] [main/DEBUG] [net.minecraftforge.coremod.CoreModEngine/]: CoreMods will preserve legacy behavior of ASMAPI.findFirstInstructionBefore for backwards-compatibility
[041月2026 00:11:10.334] [main/DEBUG] [net.minecraftforge.fml.loading.FMLLoader/CORE]: FML found CoreMod version : 5.2.4
[041月2026 00:11:10.334] [main/DEBUG] [net.minecraftforge.fml.loading.FMLLoader/CORE]: Found ForgeSPI package implementation version 7.0.1+7.0.1+master.d2b38bf6
[041月2026 00:11:10.335] [main/DEBUG] [net.minecraftforge.fml.loading.FMLLoader/CORE]: Found ForgeSPI package specification 5
[041月2026 00:11:10.335] [main/DEBUG] [cpw.mods.modlauncher.TransformationServiceDecorator/MODLAUNCHER]: Loaded service fml
[041月2026 00:11:10.336] [main/DEBUG] [cpw.mods.modlauncher.TransformationServicesHandler/MODLAUNCHER]: Configuring option handling for services
[041月2026 00:11:10.346] [main/DEBUG] [cpw.mods.modlauncher.TransformationServicesHandler/MODLAUNCHER]: Transformation services initializing
[041月2026 00:11:10.347] [main/DEBUG] [cpw.mods.modlauncher.TransformationServiceDecorator/MODLAUNCHER]: Initializing transformation service mixin
[041月2026 00:11:10.364] [main/DEBUG] [mixin/]: MixinService [ModLauncher] was successfully booted in cpw.mods.cl.ModuleClassLoader@1ddf84b8
[041月2026 00:11:10.382] [main/INFO] [mixin/]: SpongePowered MIXIN Subsystem Version=0.8.5 Source=union:/C:/Users/lenovo/.gradle/caches/modules-2/files-2.1/org.spongepowered/mixin/0.8.5/9d1c0c3a304ae6697ecd477218fa61b850bf57fc/mixin-0.8.5.jar%23128!/ Service=ModLauncher Env=CLIENT
[041月2026 00:11:10.385] [main/DEBUG] [mixin/]: Initialising Mixin Platform Manager
[041月2026 00:11:10.385] [main/DEBUG] [mixin/]: Adding mixin platform agents for container ModLauncher Root Container(ModLauncher:4f56a0a2)
[041月2026 00:11:10.386] [main/DEBUG] [mixin/]: Instancing new MixinPlatformAgentMinecraftForge for ModLauncher Root Container(ModLauncher:4f56a0a2)
[041月2026 00:11:10.386] [main/DEBUG] [mixin/]: MixinPlatformAgentMinecraftForge rejected container ModLauncher Root Container(ModLauncher:4f56a0a2)
[041月2026 00:11:10.387] [main/DEBUG] [mixin/]: Instancing new MixinPlatformAgentDefault for ModLauncher Root Container(ModLauncher:4f56a0a2)
[041月2026 00:11:10.387] [main/DEBUG] [mixin/]: MixinPlatformAgentDefault accepted container ModLauncher Root Container(ModLauncher:4f56a0a2)
[041月2026 00:11:10.390] [main/DEBUG] [cpw.mods.modlauncher.TransformationServiceDecorator/MODLAUNCHER]: Initialized transformation service mixin
[041月2026 00:11:10.390] [main/DEBUG] [cpw.mods.modlauncher.TransformationServiceDecorator/MODLAUNCHER]: Initializing transformation service fml
[041月2026 00:11:10.390] [main/DEBUG] [net.minecraftforge.fml.loading.FMLServiceProvider/CORE]: Setting up basic FML game directories
[041月2026 00:11:10.391] [main/DEBUG] [net.minecraftforge.fml.loading.FMLPaths/CORE]: Path GAMEDIR is F:\ArsExtensions\run-data
[041月2026 00:11:10.392] [main/DEBUG] [net.minecraftforge.fml.loading.FMLPaths/CORE]: Path MODSDIR is F:\ArsExtensions\run-data\mods
[041月2026 00:11:10.392] [main/DEBUG] [net.minecraftforge.fml.loading.FMLPaths/CORE]: Path CONFIGDIR is F:\ArsExtensions\run-data\config
[041月2026 00:11:10.392] [main/DEBUG] [net.minecraftforge.fml.loading.FMLPaths/CORE]: Path FMLCONFIG is F:\ArsExtensions\run-data\config\fml.toml
[041月2026 00:11:10.393] [main/DEBUG] [net.minecraftforge.fml.loading.FMLServiceProvider/CORE]: Loading configuration
[041月2026 00:11:10.398] [main/DEBUG] [net.minecraftforge.fml.loading.FMLServiceProvider/CORE]: Preparing ModFile
[041月2026 00:11:10.411] [main/DEBUG] [net.minecraftforge.fml.loading.FMLServiceProvider/CORE]: Preparing launch handler
[041月2026 00:11:10.413] [main/DEBUG] [net.minecraftforge.fml.loading.FMLLoader/CORE]: Using forgedatauserdev as launch service
[041月2026 00:11:10.438] [main/DEBUG] [net.minecraftforge.fml.loading.FMLLoader/CORE]: Received command line version data  : VersionInfo[forgeVersion=47.3.29, mcVersion=1.20.1, mcpVersion=20230612.114412, forgeGroup=net.minecraftforge]
[041月2026 00:11:10.441] [main/DEBUG] [cpw.mods.modlauncher.TransformationServiceDecorator/MODLAUNCHER]: Initialized transformation service fml
[041月2026 00:11:10.442] [main/DEBUG] [cpw.mods.modlauncher.NameMappingServiceHandler/MODLAUNCHER]: Current naming domain is 'mcp'
[041月2026 00:11:10.445] [main/DEBUG] [cpw.mods.modlauncher.NameMappingServiceHandler/MODLAUNCHER]: Identified name mapping providers {srg=srgtomcp:1234}
[041月2026 00:11:10.446] [main/DEBUG] [cpw.mods.modlauncher.TransformationServicesHandler/MODLAUNCHER]: Transformation services begin scanning
[041月2026 00:11:10.447] [main/DEBUG] [cpw.mods.modlauncher.TransformationServiceDecorator/MODLAUNCHER]: Beginning scan trigger - transformation service mixin
[041月2026 00:11:10.448] [main/DEBUG] [cpw.mods.modlauncher.TransformationServiceDecorator/MODLAUNCHER]: End scan trigger - transformation service mixin
[041月2026 00:11:10.448] [main/DEBUG] [cpw.mods.modlauncher.TransformationServiceDecorator/MODLAUNCHER]: Beginning scan trigger - transformation service fml
[041月2026 00:11:10.448] [main/DEBUG] [net.minecraftforge.fml.loading.FMLServiceProvider/CORE]: Initiating mod scan
[041月2026 00:11:10.477] [main/DEBUG] [net.minecraftforge.fml.loading.moddiscovery.ModListHandler/CORE]: Found mod coordinates from lists: []
[041月2026 00:11:10.483] [main/DEBUG] [net.minecraftforge.fml.loading.moddiscovery.ModDiscoverer/CORE]: Found Mod Locators : (mods folder:null),(maven libs:null),(exploded directory:null),(minecraft:null),(userdev classpath:null)
[041月2026 00:11:10.484] [main/DEBUG] [net.minecraftforge.fml.loading.moddiscovery.ModDiscoverer/CORE]: Found Dependency Locators : (JarInJar:null)
[041月2026 00:11:10.491] [main/DEBUG] [net.minecraftforge.fml.loading.targets.CommonLaunchHandler/CORE]: Got mod coordinates ars_extensions%%F:\ArsExtensions\build\resources\main;ars_extensions%%F:\ArsExtensions\build\classes\java\main from env
[041月2026 00:11:10.495] [main/DEBUG] [net.minecraftforge.fml.loading.targets.CommonLaunchHandler/CORE]: Found supplied mod coordinates [{ars_extensions=[F:\ArsExtensions\build\resources\main, F:\ArsExtensions\build\classes\java\main]}]
[041月2026 00:11:10.776] [main/DEBUG] [net.minecraftforge.fml.loading.moddiscovery.ModFileInfo/LOADING]: Found valid mod file forge-1.20.1-47.3.29_mapped_official_1.20.1-recomp.jar with {minecraft} mods - versions {1.20.1}
[041月2026 00:11:10.784] [main/DEBUG] [net.minecraftforge.fml.loading.moddiscovery.ModFileParser/LOADING]: Considering mod file candidate C:\Users\lenovo\.gradle\caches\modules-2\files-2.1\net.minecraftforge\javafmllanguage\1.20.1-47.3.29\c0f2a96b88f344c7fa51185238ddb5f6d1be8560\javafmllanguage-1.20.1-47.3.29.jar
[041月2026 00:11:10.785] [main/WARN] [net.minecraftforge.fml.loading.moddiscovery.ModFileParser/LOADING]: Mod file C:\Users\lenovo\.gradle\caches\modules-2\files-2.1\net.minecraftforge\javafmllanguage\1.20.1-47.3.29\c0f2a96b88f344c7fa51185238ddb5f6d1be8560\javafmllanguage-1.20.1-47.3.29.jar is missing mods.toml file
[041月2026 00:11:10.793] [main/DEBUG] [net.minecraftforge.fml.loading.moddiscovery.ModFileParser/LOADING]: Considering mod file candidate C:\Users\lenovo\.gradle\caches\modules-2\files-2.1\net.minecraftforge\lowcodelanguage\1.20.1-47.3.29\7dd674f592d85d4bc5e90ae9d48dbaa81a69462e\lowcodelanguage-1.20.1-47.3.29.jar
[041月2026 00:11:10.794] [main/WARN] [net.minecraftforge.fml.loading.moddiscovery.ModFileParser/LOADING]: Mod file C:\Users\lenovo\.gradle\caches\modules-2\files-2.1\net.minecraftforge\lowcodelanguage\1.20.1-47.3.29\7dd674f592d85d4bc5e90ae9d48dbaa81a69462e\lowcodelanguage-1.20.1-47.3.29.jar is missing mods.toml file
[041月2026 00:11:10.804] [main/DEBUG] [net.minecraftforge.fml.loading.moddiscovery.ModFileParser/LOADING]: Considering mod file candidate C:\Users\lenovo\.gradle\caches\modules-2\files-2.1\net.minecraftforge\mclanguage\1.20.1-47.3.29\3e35d3e0c242a3ccdc0f8b2c4f9200a7978c3696\mclanguage-1.20.1-47.3.29.jar
[041月2026 00:11:10.804] [main/WARN] [net.minecraftforge.fml.loading.moddiscovery.ModFileParser/LOADING]: Mod file C:\Users\lenovo\.gradle\caches\modules-2\files-2.1\net.minecraftforge\mclanguage\1.20.1-47.3.29\3e35d3e0c242a3ccdc0f8b2c4f9200a7978c3696\mclanguage-1.20.1-47.3.29.jar is missing mods.toml file
[041月2026 00:11:10.817] [main/DEBUG] [net.minecraftforge.fml.loading.moddiscovery.ModFileParser/LOADING]: Considering mod file candidate C:\Users\lenovo\.gradle\caches\modules-2\files-2.1\net.minecraftforge\fmlcore\1.20.1-47.3.29\14593d5e6d79f573c8f204ed40d52c15b32de896\fmlcore-1.20.1-47.3.29.jar
[041月2026 00:11:10.818] [main/WARN] [net.minecraftforge.fml.loading.moddiscovery.ModFileParser/LOADING]: Mod file C:\Users\lenovo\.gradle\caches\modules-2\files-2.1\net.minecraftforge\fmlcore\1.20.1-47.3.29\14593d5e6d79f573c8f204ed40d52c15b32de896\fmlcore-1.20.1-47.3.29.jar is missing mods.toml file
[041月2026 00:11:10.830] [main/DEBUG] [net.minecraftforge.fml.loading.moddiscovery.ModFileParser/LOADING]: Considering mod file candidate F:\ArsExtensions\build\resources\main
[041月2026 00:11:10.837] [main/DEBUG] [net.minecraftforge.fml.loading.moddiscovery.ModFileInfo/LOADING]: Found valid mod file main with {ars_extensions} mods - versions {1.0.1}
[041月2026 00:11:10.843] [main/DEBUG] [net.minecraftforge.fml.loading.moddiscovery.ModFileParser/LOADING]: Considering mod file candidate /
[041月2026 00:11:10.848] [main/DEBUG] [net.minecraftforge.fml.loading.moddiscovery.ModFileInfo/LOADING]: Found valid mod file  with {forge} mods - versions {47.3.29}
[041月2026 00:11:10.900] [main/DEBUG] [net.minecraftforge.fml.loading.moddiscovery.ModFileParser/LOADING]: Considering mod file candidate C:\Users\lenovo\.gradle\caches\forge_gradle\deobf_dependencies\blank\architectury-1.20.1\1_mapped_official_1.20.1\architectury-1.20.1-1_mapped_official_1.20.1.jar
[041月2026 00:11:10.902] [main/DEBUG] [net.minecraftforge.fml.loading.moddiscovery.ModFileInfo/LOADING]: Found valid mod file architectury-1.20.1-1_mapped_official_1.20.1.jar with {architectury} mods - versions {9.2.14}
[041月2026 00:11:10.908] [main/DEBUG] [net.minecraftforge.fml.loading.moddiscovery.ModFileParser/LOADING]: Considering mod file candidate C:\Users\lenovo\.gradle\caches\forge_gradle\deobf_dependencies\blank\jade-1.20.1\1_mapped_official_1.20.1\jade-1.20.1-1_mapped_official_1.20.1.jar
[041月2026 00:11:10.915] [main/DEBUG] [net.minecraftforge.fml.loading.moddiscovery.ModFileInfo/LOADING]: Found valid mod file jade-1.20.1-1_mapped_official_1.20.1.jar with {jade} mods - versions {11.13.1+forge}
[041月2026 00:11:10.922] [main/DEBUG] [net.minecraftforge.fml.loading.moddiscovery.ModFileParser/LOADING]: Considering mod file candidate C:\Users\lenovo\.gradle\caches\forge_gradle\deobf_dependencies\blank\jei-1.20.1\1_mapped_official_1.20.1\jei-1.20.1-1_mapped_official_1.20.1.jar
[041月2026 00:11:10.923] [main/DEBUG] [net.minecraftforge.fml.loading.moddiscovery.ModFileInfo/LOADING]: Found valid mod file jei-1.20.1-1_mapped_official_1.20.1.jar with {jei} mods - versions {15.20.0.112}
[041月2026 00:11:10.934] [main/DEBUG] [net.minecraftforge.fml.loading.moddiscovery.ModFileParser/LOADING]: Considering mod file candidate C:\Users\lenovo\.gradle\caches\forge_gradle\deobf_dependencies\blank\kubejs-1.20.1\1_mapped_official_1.20.1\kubejs-1.20.1-1_mapped_official_1.20.1.jar
[041月2026 00:11:10.935] [main/DEBUG] [net.minecraftforge.fml.loading.moddiscovery.ModFileInfo/LOADING]: Found valid mod file kubejs-1.20.1-1_mapped_official_1.20.1.jar with {kubejs} mods - versions {2001.6.5-build.16}
[041月2026 00:11:10.944] [main/DEBUG] [net.minecraftforge.fml.loading.moddiscovery.ModFileParser/LOADING]: Considering mod file candidate C:\Users\lenovo\.gradle\caches\forge_gradle\deobf_dependencies\blank\moonlight-1.20.1\1_mapped_official_1.20.1\moonlight-1.20.1-1_mapped_official_1.20.1.jar
[041月2026 00:11:10.945] [main/DEBUG] [net.minecraftforge.fml.loading.moddiscovery.ModFileInfo/LOADING]: Found valid mod file moonlight-1.20.1-1_mapped_official_1.20.1.jar with {moonlight} mods - versions {1.20-2.14.11}
[041月2026 00:11:10.952] [main/DEBUG] [net.minecraftforge.fml.loading.moddiscovery.ModFileParser/LOADING]: Considering mod file candidate C:\Users\lenovo\.gradle\caches\forge_gradle\deobf_dependencies\blank\mmmmmmmmmmmm-1.20.1\1_mapped_official_1.20.1\mmmmmmmmmmmm-1.20.1-1_mapped_official_1.20.1.jar
[041月2026 00:11:10.953] [main/DEBUG] [net.minecraftforge.fml.loading.moddiscovery.ModFileInfo/LOADING]: Found valid mod file mmmmmmmmmmmm-1.20.1-1_mapped_official_1.20.1.jar with {dummmmmmy} mods - versions {1.20-2.0.7}
[041月2026 00:11:10.964] [main/DEBUG] [net.minecraftforge.fml.loading.moddiscovery.ModFileParser/LOADING]: Considering mod file candidate C:\Users\lenovo\.gradle\caches\forge_gradle\deobf_dependencies\blank\rhino-1.20.1\1_mapped_official_1.20.1\rhino-1.20.1-1_mapped_official_1.20.1.jar
[041月2026 00:11:10.965] [main/DEBUG] [net.minecraftforge.fml.loading.moddiscovery.ModFileInfo/LOADING]: Found valid mod file rhino-1.20.1-1_mapped_official_1.20.1.jar with {rhino} mods - versions {2001.2.3-build.10}
[041月2026 00:11:10.972] [main/DEBUG] [net.minecraftforge.fml.loading.moddiscovery.ModFileParser/LOADING]: Considering mod file candidate C:\Users\lenovo\.gradle\caches\forge_gradle\deobf_dependencies\blank\patchouli-1.20.1\1_mapped_official_1.20.1\patchouli-1.20.1-1_mapped_official_1.20.1.jar
[041月2026 00:11:10.974] [main/DEBUG] [net.minecraftforge.fml.loading.moddiscovery.ModFileInfo/LOADING]: Found valid mod file patchouli-1.20.1-1_mapped_official_1.20.1.jar with {patchouli} mods - versions {1.20.1-84.1-FORGE}
[041月2026 00:11:10.985] [main/DEBUG] [net.minecraftforge.fml.loading.moddiscovery.ModFileParser/LOADING]: Considering mod file candidate C:\Users\lenovo\.gradle\caches\forge_gradle\deobf_dependencies\blank\geckolib-1.20.1\1_mapped_official_1.20.1\geckolib-1.20.1-1_mapped_official_1.20.1.jar
[041月2026 00:11:10.986] [main/DEBUG] [net.minecraftforge.fml.loading.moddiscovery.ModFileInfo/LOADING]: Found valid mod file geckolib-1.20.1-1_mapped_official_1.20.1.jar with {geckolib} mods - versions {4.7.3}
[041月2026 00:11:10.992] [main/DEBUG] [net.minecraftforge.fml.loading.moddiscovery.ModFileParser/LOADING]: Considering mod file candidate C:\Users\lenovo\.gradle\caches\forge_gradle\deobf_dependencies\blank\caelus-1.20.1\1_mapped_official_1.20.1\caelus-1.20.1-1_mapped_official_1.20.1.jar
[041月2026 00:11:10.993] [main/DEBUG] [net.minecraftforge.fml.loading.moddiscovery.ModFileInfo/LOADING]: Found valid mod file caelus-1.20.1-1_mapped_official_1.20.1.jar with {caelus} mods - versions {3.2.0+1.20.1}
[041月2026 00:11:11.004] [main/DEBUG] [net.minecraftforge.fml.loading.moddiscovery.ModFileParser/LOADING]: Considering mod file candidate C:\Users\lenovo\.gradle\caches\forge_gradle\deobf_dependencies\blank\attributeslib-1.20.1\1_mapped_official_1.20.1\attributeslib-1.20.1-1_mapped_official_1.20.1.jar
[041月2026 00:11:11.006] [main/DEBUG] [net.minecraftforge.fml.loading.moddiscovery.ModFileInfo/LOADING]: Found valid mod file attributeslib-1.20.1-1_mapped_official_1.20.1.jar with {attributeslib} mods - versions {1.3.7}
[041月2026 00:11:11.013] [main/DEBUG] [net.minecraftforge.fml.loading.moddiscovery.ModFileParser/LOADING]: Considering mod file candidate C:\Users\lenovo\.gradle\caches\forge_gradle\deobf_dependencies\blank\placebo-1.20.1\1_mapped_official_1.20.1\placebo-1.20.1-1_mapped_official_1.20.1.jar
[041月2026 00:11:11.014] [main/DEBUG] [net.minecraftforge.fml.loading.moddiscovery.ModFileInfo/LOADING]: Found valid mod file placebo-1.20.1-1_mapped_official_1.20.1.jar with {placebo} mods - versions {8.6.3}
[041月2026 00:11:11.023] [main/DEBUG] [net.minecraftforge.fml.loading.moddiscovery.ModFileParser/LOADING]: Considering mod file candidate C:\Users\lenovo\.gradle\caches\forge_gradle\deobf_dependencies\blank\citadel-1.20.1\1_mapped_official_1.20.1\citadel-1.20.1-1_mapped_official_1.20.1.jar
[041月2026 00:11:11.024] [main/DEBUG] [net.minecraftforge.fml.loading.moddiscovery.ModFileInfo/LOADING]: Found valid mod file citadel-1.20.1-1_mapped_official_1.20.1.jar with {citadel} mods - versions {2.6.2}
[041月2026 00:11:11.035] [main/DEBUG] [net.minecraftforge.fml.loading.moddiscovery.ModFileParser/LOADING]: Considering mod file candidate C:\Users\lenovo\.gradle\caches\forge_gradle\deobf_dependencies\blank\curios-1.20.1\1_mapped_official_1.20.1\curios-1.20.1-1_mapped_official_1.20.1.jar
[041月2026 00:11:11.036] [main/DEBUG] [net.minecraftforge.fml.loading.moddiscovery.ModFileInfo/LOADING]: Found valid mod file curios-1.20.1-1_mapped_official_1.20.1.jar with {curios} mods - versions {5.14.1+1.20.1}
[041月2026 00:11:11.048] [main/DEBUG] [net.minecraftforge.fml.loading.moddiscovery.ModFileParser/LOADING]: Considering mod file candidate C:\Users\lenovo\.gradle\caches\forge_gradle\deobf_dependencies\blank\ars_nouveau-1.20.1\1_mapped_official_1.20.1\ars_nouveau-1.20.1-1_mapped_official_1.20.1.jar
[041月2026 00:11:11.050] [main/DEBUG] [net.minecraftforge.fml.loading.moddiscovery.ModFileInfo/LOADING]: Found valid mod file ars_nouveau-1.20.1-1_mapped_official_1.20.1.jar with {ars_nouveau} mods - versions {4.12.7}
[041月2026 00:11:11.059] [main/DEBUG] [net.minecraftforge.fml.loading.moddiscovery.ModFileParser/LOADING]: Considering mod file candidate C:\Users\lenovo\.gradle\caches\forge_gradle\deobf_dependencies\blank\irons_spellbooks-1.20.1\1_mapped_official_1.20.1\irons_spellbooks-1.20.1-1_mapped_official_1.20.1.jar
[041月2026 00:11:11.061] [main/DEBUG] [net.minecraftforge.fml.loading.moddiscovery.ModFileInfo/LOADING]: Found valid mod file irons_spellbooks-1.20.1-1_mapped_official_1.20.1.jar with {irons_spellbooks} mods - versions {1.20.1-3.4.0.9}
[041月2026 00:11:11.072] [main/DEBUG] [net.minecraftforge.fml.loading.moddiscovery.ModFileParser/LOADING]: Considering mod file candidate C:\Users\lenovo\.gradle\caches\forge_gradle\deobf_dependencies\blank\playeranimator-1.20.1\1_mapped_official_1.20.1\playeranimator-1.20.1-1_mapped_official_1.20.1.jar
[041月2026 00:11:11.073] [main/DEBUG] [net.minecraftforge.fml.loading.moddiscovery.ModFileInfo/LOADING]: Found valid mod file playeranimator-1.20.1-1_mapped_official_1.20.1.jar with {playeranimator} mods - versions {1.0.2-rc1+1.20}
[041月2026 00:11:11.084] [main/DEBUG] [net.minecraftforge.fml.loading.moddiscovery.ModFileParser/LOADING]: Considering mod file candidate C:\Users\lenovo\.gradle\caches\forge_gradle\deobf_dependencies\blank\TerraCurio-1.20.1\1_mapped_official_1.20.1\TerraCurio-1.20.1-1_mapped_official_1.20.1.jar
[041月2026 00:11:11.085] [main/DEBUG] [net.minecraftforge.fml.loading.moddiscovery.ModFileInfo/LOADING]: Found valid mod file TerraCurio-1.20.1-1_mapped_official_1.20.1.jar with {confluence} mods - versions {0.1.13}
[041月2026 00:11:11.093] [main/DEBUG] [net.minecraftforge.fml.loading.moddiscovery.ModFileParser/LOADING]: Considering mod file candidate C:\Users\lenovo\.gradle\caches\forge_gradle\deobf_dependencies\blank\architectury-1.20.1\1_mapped_official_1.20.1\architectury-1.20.1-1_mapped_official_1.20.1.jar
[041月2026 00:11:11.094] [main/DEBUG] [net.minecraftforge.fml.loading.moddiscovery.ModFileInfo/LOADING]: Found valid mod file architectury-1.20.1-1_mapped_official_1.20.1.jar with {architectury} mods - versions {9.2.14}
[041月2026 00:11:11.104] [main/DEBUG] [net.minecraftforge.fml.loading.moddiscovery.ModFileParser/LOADING]: Considering mod file candidate C:\Users\lenovo\.gradle\caches\forge_gradle\deobf_dependencies\blank\jade-1.20.1\1_mapped_official_1.20.1\jade-1.20.1-1_mapped_official_1.20.1.jar
[041月2026 00:11:11.105] [main/DEBUG] [net.minecraftforge.fml.loading.moddiscovery.ModFileInfo/LOADING]: Found valid mod file jade-1.20.1-1_mapped_official_1.20.1.jar with {jade} mods - versions {11.13.1+forge}
[041月2026 00:11:11.116] [main/DEBUG] [net.minecraftforge.fml.loading.moddiscovery.ModFileParser/LOADING]: Considering mod file candidate C:\Users\lenovo\.gradle\caches\forge_gradle\deobf_dependencies\blank\jei-1.20.1\1_mapped_official_1.20.1\jei-1.20.1-1_mapped_official_1.20.1.jar
[041月2026 00:11:11.117] [main/DEBUG] [net.minecraftforge.fml.loading.moddiscovery.ModFileInfo/LOADING]: Found valid mod file jei-1.20.1-1_mapped_official_1.20.1.jar with {jei} mods - versions {15.20.0.112}
[041月2026 00:11:11.126] [main/DEBUG] [net.minecraftforge.fml.loading.moddiscovery.ModFileParser/LOADING]: Considering mod file candidate C:\Users\lenovo\.gradle\caches\forge_gradle\deobf_dependencies\blank\kubejs-1.20.1\1_mapped_official_1.20.1\kubejs-1.20.1-1_mapped_official_1.20.1.jar
[041月2026 00:11:11.128] [main/DEBUG] [net.minecraftforge.fml.loading.moddiscovery.ModFileInfo/LOADING]: Found valid mod file kubejs-1.20.1-1_mapped_official_1.20.1.jar with {kubejs} mods - versions {2001.6.5-build.16}
[041月2026 00:11:11.137] [main/DEBUG] [net.minecraftforge.fml.loading.moddiscovery.ModFileParser/LOADING]: Considering mod file candidate C:\Users\lenovo\.gradle\caches\forge_gradle\deobf_dependencies\blank\moonlight-1.20.1\1_mapped_official_1.20.1\moonlight-1.20.1-1_mapped_official_1.20.1.jar
[041月2026 00:11:11.138] [main/DEBUG] [net.minecraftforge.fml.loading.moddiscovery.ModFileInfo/LOADING]: Found valid mod file moonlight-1.20.1-1_mapped_official_1.20.1.jar with {moonlight} mods - versions {1.20-2.14.11}
[041月2026 00:11:11.147] [main/DEBUG] [net.minecraftforge.fml.loading.moddiscovery.ModFileParser/LOADING]: Considering mod file candidate C:\Users\lenovo\.gradle\caches\forge_gradle\deobf_dependencies\blank\mmmmmmmmmmmm-1.20.1\1_mapped_official_1.20.1\mmmmmmmmmmmm-1.20.1-1_mapped_official_1.20.1.jar
[041月2026 00:11:11.148] [main/DEBUG] [net.minecraftforge.fml.loading.moddiscovery.ModFileInfo/LOADING]: Found valid mod file mmmmmmmmmmmm-1.20.1-1_mapped_official_1.20.1.jar with {dummmmmmy} mods - versions {1.20-2.0.7}
[041月2026 00:11:11.156] [main/DEBUG] [net.minecraftforge.fml.loading.moddiscovery.ModFileParser/LOADING]: Considering mod file candidate C:\Users\lenovo\.gradle\caches\forge_gradle\deobf_dependencies\blank\rhino-1.20.1\1_mapped_official_1.20.1\rhino-1.20.1-1_mapped_official_1.20.1.jar
[041月2026 00:11:11.157] [main/DEBUG] [net.minecraftforge.fml.loading.moddiscovery.ModFileInfo/LOADING]: Found valid mod file rhino-1.20.1-1_mapped_official_1.20.1.jar with {rhino} mods - versions {2001.2.3-build.10}
[041月2026 00:11:11.169] [main/DEBUG] [net.minecraftforge.fml.loading.moddiscovery.ModFileParser/LOADING]: Considering mod file candidate C:\Users\lenovo\.gradle\caches\forge_gradle\deobf_dependencies\blank\patchouli-1.20.1\1_mapped_official_1.20.1\patchouli-1.20.1-1_mapped_official_1.20.1.jar
[041月2026 00:11:11.170] [main/DEBUG] [net.minecraftforge.fml.loading.moddiscovery.ModFileInfo/LOADING]: Found valid mod file patchouli-1.20.1-1_mapped_official_1.20.1.jar with {patchouli} mods - versions {1.20.1-84.1-FORGE}
[041月2026 00:11:11.179] [main/DEBUG] [net.minecraftforge.fml.loading.moddiscovery.ModFileParser/LOADING]: Considering mod file candidate C:\Users\lenovo\.gradle\caches\forge_gradle\deobf_dependencies\blank\geckolib-1.20.1\1_mapped_official_1.20.1\geckolib-1.20.1-1_mapped_official_1.20.1.jar
[041月2026 00:11:11.181] [main/DEBUG] [net.minecraftforge.fml.loading.moddiscovery.ModFileInfo/LOADING]: Found valid mod file geckolib-1.20.1-1_mapped_official_1.20.1.jar with {geckolib} mods - versions {4.7.3}
[041月2026 00:11:11.190] [main/DEBUG] [net.minecraftforge.fml.loading.moddiscovery.ModFileParser/LOADING]: Considering mod file candidate C:\Users\lenovo\.gradle\caches\forge_gradle\deobf_dependencies\blank\caelus-1.20.1\1_mapped_official_1.20.1\caelus-1.20.1-1_mapped_official_1.20.1.jar
[041月2026 00:11:11.192] [main/DEBUG] [net.minecraftforge.fml.loading.moddiscovery.ModFileInfo/LOADING]: Found valid mod file caelus-1.20.1-1_mapped_official_1.20.1.jar with {caelus} mods - versions {3.2.0+1.20.1}
[041月2026 00:11:11.200] [main/DEBUG] [net.minecraftforge.fml.loading.moddiscovery.ModFileParser/LOADING]: Considering mod file candidate C:\Users\lenovo\.gradle\caches\forge_gradle\deobf_dependencies\blank\attributeslib-1.20.1\1_mapped_official_1.20.1\attributeslib-1.20.1-1_mapped_official_1.20.1.jar
[041月2026 00:11:11.200] [main/DEBUG] [net.minecraftforge.fml.loading.moddiscovery.ModFileInfo/LOADING]: Found valid mod file attributeslib-1.20.1-1_mapped_official_1.20.1.jar with {attributeslib} mods - versions {1.3.7}
[041月2026 00:11:11.209] [main/DEBUG] [net.minecraftforge.fml.loading.moddiscovery.ModFileParser/LOADING]: Considering mod file candidate C:\Users\lenovo\.gradle\caches\forge_gradle\deobf_dependencies\blank\placebo-1.20.1\1_mapped_official_1.20.1\placebo-1.20.1-1_mapped_official_1.20.1.jar
[041月2026 00:11:11.210] [main/DEBUG] [net.minecraftforge.fml.loading.moddiscovery.ModFileInfo/LOADING]: Found valid mod file placebo-1.20.1-1_mapped_official_1.20.1.jar with {placebo} mods - versions {8.6.3}
[041月2026 00:11:11.221] [main/DEBUG] [net.minecraftforge.fml.loading.moddiscovery.ModFileParser/LOADING]: Considering mod file candidate C:\Users\lenovo\.gradle\caches\forge_gradle\deobf_dependencies\blank\citadel-1.20.1\1_mapped_official_1.20.1\citadel-1.20.1-1_mapped_official_1.20.1.jar
[041月2026 00:11:11.222] [main/DEBUG] [net.minecraftforge.fml.loading.moddiscovery.ModFileInfo/LOADING]: Found valid mod file citadel-1.20.1-1_mapped_official_1.20.1.jar with {citadel} mods - versions {2.6.2}
[041月2026 00:11:11.233] [main/DEBUG] [net.minecraftforge.fml.loading.moddiscovery.ModFileParser/LOADING]: Considering mod file candidate C:\Users\lenovo\.gradle\caches\forge_gradle\deobf_dependencies\blank\curios-1.20.1\1_mapped_official_1.20.1\curios-1.20.1-1_mapped_official_1.20.1.jar
[041月2026 00:11:11.234] [main/DEBUG] [net.minecraftforge.fml.loading.moddiscovery.ModFileInfo/LOADING]: Found valid mod file curios-1.20.1-1_mapped_official_1.20.1.jar with {curios} mods - versions {5.14.1+1.20.1}
[041月2026 00:11:11.248] [main/DEBUG] [net.minecraftforge.fml.loading.moddiscovery.ModFileParser/LOADING]: Considering mod file candidate C:\Users\lenovo\.gradle\caches\forge_gradle\deobf_dependencies\blank\ars_nouveau-1.20.1\1_mapped_official_1.20.1\ars_nouveau-1.20.1-1_mapped_official_1.20.1.jar
[041月2026 00:11:11.250] [main/DEBUG] [net.minecraftforge.fml.loading.moddiscovery.ModFileInfo/LOADING]: Found valid mod file ars_nouveau-1.20.1-1_mapped_official_1.20.1.jar with {ars_nouveau} mods - versions {4.12.7}
[041月2026 00:11:11.272] [main/DEBUG] [net.minecraftforge.fml.loading.moddiscovery.ModFileParser/LOADING]: Considering mod file candidate C:\Users\lenovo\.gradle\caches\forge_gradle\deobf_dependencies\blank\irons_spellbooks-1.20.1\1_mapped_official_1.20.1\irons_spellbooks-1.20.1-1_mapped_official_1.20.1.jar
[041月2026 00:11:11.274] [main/DEBUG] [net.minecraftforge.fml.loading.moddiscovery.ModFileInfo/LOADING]: Found valid mod file irons_spellbooks-1.20.1-1_mapped_official_1.20.1.jar with {irons_spellbooks} mods - versions {1.20.1-3.4.0.9}
[041月2026 00:11:11.289] [main/DEBUG] [net.minecraftforge.fml.loading.moddiscovery.ModFileParser/LOADING]: Considering mod file candidate C:\Users\lenovo\.gradle\caches\forge_gradle\deobf_dependencies\blank\playeranimator-1.20.1\1_mapped_official_1.20.1\playeranimator-1.20.1-1_mapped_official_1.20.1.jar
[041月2026 00:11:11.291] [main/DEBUG] [net.minecraftforge.fml.loading.moddiscovery.ModFileInfo/LOADING]: Found valid mod file playeranimator-1.20.1-1_mapped_official_1.20.1.jar with {playeranimator} mods - versions {1.0.2-rc1+1.20}
[041月2026 00:11:11.306] [main/DEBUG] [net.minecraftforge.fml.loading.moddiscovery.ModFileParser/LOADING]: Considering mod file candidate C:\Users\lenovo\.gradle\caches\forge_gradle\deobf_dependencies\blank\TerraCurio-1.20.1\1_mapped_official_1.20.1\TerraCurio-1.20.1-1_mapped_official_1.20.1.jar
[041月2026 00:11:11.308] [main/DEBUG] [net.minecraftforge.fml.loading.moddiscovery.ModFileInfo/LOADING]: Found valid mod file TerraCurio-1.20.1-1_mapped_official_1.20.1.jar with {confluence} mods - versions {0.1.13}
[041月2026 00:11:11.329] [main/DEBUG] [net.minecraftforge.fml.loading.UniqueModListBuilder/]: Found 2 mods for first modid irons_spellbooks, selecting most recent based on version data
[041月2026 00:11:11.331] [main/DEBUG] [net.minecraftforge.fml.loading.UniqueModListBuilder/]: Selected file irons_spellbooks-1.20.1-1_mapped_official_1.20.1.jar for modid irons_spellbooks with version 1.20.1-3.4.0.9
[041月2026 00:11:11.333] [main/DEBUG] [net.minecraftforge.fml.loading.UniqueModListBuilder/]: Found 2 mods for first modid attributeslib, selecting most recent based on version data
[041月2026 00:11:11.333] [main/DEBUG] [net.minecraftforge.fml.loading.UniqueModListBuilder/]: Selected file attributeslib-1.20.1-1_mapped_official_1.20.1.jar for modid attributeslib with version 1.3.7
[041月2026 00:11:11.333] [main/DEBUG] [net.minecraftforge.fml.loading.UniqueModListBuilder/]: Found 2 mods for first modid confluence, selecting most recent based on version data
[041月2026 00:11:11.333] [main/DEBUG] [net.minecraftforge.fml.loading.UniqueModListBuilder/]: Selected file TerraCurio-1.20.1-1_mapped_official_1.20.1.jar for modid confluence with version 0.1.13
[041月2026 00:11:11.333] [main/DEBUG] [net.minecraftforge.fml.loading.UniqueModListBuilder/]: Found 2 mods for first modid rhino, selecting most recent based on version data
[041月2026 00:11:11.333] [main/DEBUG] [net.minecraftforge.fml.loading.UniqueModListBuilder/]: Selected file rhino-1.20.1-1_mapped_official_1.20.1.jar for modid rhino with version 2001.2.3-build.10
[041月2026 00:11:11.333] [main/DEBUG] [net.minecraftforge.fml.loading.UniqueModListBuilder/]: Found 2 mods for first modid kubejs, selecting most recent based on version data
[041月2026 00:11:11.333] [main/DEBUG] [net.minecraftforge.fml.loading.UniqueModListBuilder/]: Selected file kubejs-1.20.1-1_mapped_official_1.20.1.jar for modid kubejs with version 2001.6.5-build.16
[041月2026 00:11:11.333] [main/DEBUG] [net.minecraftforge.fml.loading.UniqueModListBuilder/]: Found 2 mods for first modid moonlight, selecting most recent based on version data
[041月2026 00:11:11.333] [main/DEBUG] [net.minecraftforge.fml.loading.UniqueModListBuilder/]: Selected file moonlight-1.20.1-1_mapped_official_1.20.1.jar for modid moonlight with version 1.20-2.14.11
[041月2026 00:11:11.334] [main/DEBUG] [net.minecraftforge.fml.loading.UniqueModListBuilder/]: Found 2 mods for first modid jade, selecting most recent based on version data
[041月2026 00:11:11.334] [main/DEBUG] [net.minecraftforge.fml.loading.UniqueModListBuilder/]: Selected file jade-1.20.1-1_mapped_official_1.20.1.jar for modid jade with version 11.13.1+forge
[041月2026 00:11:11.334] [main/DEBUG] [net.minecraftforge.fml.loading.UniqueModListBuilder/]: Found 2 mods for first modid geckolib, selecting most recent based on version data
[041月2026 00:11:11.334] [main/DEBUG] [net.minecraftforge.fml.loading.UniqueModListBuilder/]: Selected file geckolib-1.20.1-1_mapped_official_1.20.1.jar for modid geckolib with version 4.7.3
[041月2026 00:11:11.335] [main/DEBUG] [net.minecraftforge.fml.loading.UniqueModListBuilder/]: Found 2 mods for first modid architectury, selecting most recent based on version data
[041月2026 00:11:11.335] [main/DEBUG] [net.minecraftforge.fml.loading.UniqueModListBuilder/]: Selected file architectury-1.20.1-1_mapped_official_1.20.1.jar for modid architectury with version 9.2.14
[041月2026 00:11:11.335] [main/DEBUG] [net.minecraftforge.fml.loading.UniqueModListBuilder/]: Found 2 mods for first modid playeranimator, selecting most recent based on version data
[041月2026 00:11:11.335] [main/DEBUG] [net.minecraftforge.fml.loading.UniqueModListBuilder/]: Selected file playeranimator-1.20.1-1_mapped_official_1.20.1.jar for modid playeranimator with version 1.0.2-rc1+1.20
[041月2026 00:11:11.335] [main/DEBUG] [net.minecraftforge.fml.loading.UniqueModListBuilder/]: Found 2 mods for first modid jei, selecting most recent based on version data
[041月2026 00:11:11.336] [main/DEBUG] [net.minecraftforge.fml.loading.UniqueModListBuilder/]: Selected file jei-1.20.1-1_mapped_official_1.20.1.jar for modid jei with version 15.20.0.112
[041月2026 00:11:11.336] [main/DEBUG] [net.minecraftforge.fml.loading.UniqueModListBuilder/]: Found 2 mods for first modid ars_nouveau, selecting most recent based on version data
[041月2026 00:11:11.336] [main/DEBUG] [net.minecraftforge.fml.loading.UniqueModListBuilder/]: Selected file ars_nouveau-1.20.1-1_mapped_official_1.20.1.jar for modid ars_nouveau with version 4.12.7
[041月2026 00:11:11.336] [main/DEBUG] [net.minecraftforge.fml.loading.UniqueModListBuilder/]: Found 2 mods for first modid caelus, selecting most recent based on version data
[041月2026 00:11:11.336] [main/DEBUG] [net.minecraftforge.fml.loading.UniqueModListBuilder/]: Selected file caelus-1.20.1-1_mapped_official_1.20.1.jar for modid caelus with version 3.2.0+1.20.1
[041月2026 00:11:11.336] [main/DEBUG] [net.minecraftforge.fml.loading.UniqueModListBuilder/]: Found 2 mods for first modid dummmmmmy, selecting most recent based on version data
[041月2026 00:11:11.336] [main/DEBUG] [net.minecraftforge.fml.loading.UniqueModListBuilder/]: Selected file mmmmmmmmmmmm-1.20.1-1_mapped_official_1.20.1.jar for modid dummmmmmy with version 1.20-2.0.7
[041月2026 00:11:11.337] [main/DEBUG] [net.minecraftforge.fml.loading.UniqueModListBuilder/]: Found 2 mods for first modid curios, selecting most recent based on version data
[041月2026 00:11:11.337] [main/DEBUG] [net.minecraftforge.fml.loading.UniqueModListBuilder/]: Selected file curios-1.20.1-1_mapped_official_1.20.1.jar for modid curios with version 5.14.1+1.20.1
[041月2026 00:11:11.337] [main/DEBUG] [net.minecraftforge.fml.loading.UniqueModListBuilder/]: Found 2 mods for first modid patchouli, selecting most recent based on version data
[041月2026 00:11:11.337] [main/DEBUG] [net.minecraftforge.fml.loading.UniqueModListBuilder/]: Selected file patchouli-1.20.1-1_mapped_official_1.20.1.jar for modid patchouli with version 1.20.1-84.1-FORGE
[041月2026 00:11:11.338] [main/DEBUG] [net.minecraftforge.fml.loading.UniqueModListBuilder/]: Found 2 mods for first modid citadel, selecting most recent based on version data
[041月2026 00:11:11.338] [main/DEBUG] [net.minecraftforge.fml.loading.UniqueModListBuilder/]: Selected file citadel-1.20.1-1_mapped_official_1.20.1.jar for modid citadel with version 2.6.2
[041月2026 00:11:11.338] [main/DEBUG] [net.minecraftforge.fml.loading.UniqueModListBuilder/]: Found 2 mods for first modid placebo, selecting most recent based on version data
[041月2026 00:11:11.338] [main/DEBUG] [net.minecraftforge.fml.loading.UniqueModListBuilder/]: Selected file placebo-1.20.1-1_mapped_official_1.20.1.jar for modid placebo with version 8.6.3
[041月2026 00:11:11.351] [main/DEBUG] [net.minecraftforge.fml.loading.moddiscovery.AbstractJarFileDependencyLocator/]: Failed to load resource META-INF\jarjar\metadata.json from irons_spellbooks-1.20.1-1_mapped_official_1.20.1.jar, it does not contain dependency information.
[041月2026 00:11:11.351] [main/DEBUG] [net.minecraftforge.fml.loading.moddiscovery.AbstractJarFileDependencyLocator/]: Failed to load resource META-INF\jarjar\metadata.json from attributeslib-1.20.1-1_mapped_official_1.20.1.jar, it does not contain dependency information.
[041月2026 00:11:11.352] [main/DEBUG] [net.minecraftforge.fml.loading.moddiscovery.AbstractJarFileDependencyLocator/]: Failed to load resource META-INF\jarjar\metadata.json from forge-1.20.1-47.3.29_mapped_official_1.20.1-recomp.jar, it does not contain dependency information.
[041月2026 00:11:11.352] [main/DEBUG] [net.minecraftforge.fml.loading.moddiscovery.AbstractJarFileDependencyLocator/]: Failed to load resource META-INF\jarjar\metadata.json from rhino-1.20.1-1_mapped_official_1.20.1.jar, it does not contain dependency information.
[041月2026 00:11:11.353] [main/DEBUG] [net.minecraftforge.fml.loading.moddiscovery.AbstractJarFileDependencyLocator/]: Failed to load resource META-INF\jarjar\metadata.json from main, it does not contain dependency information.
[041月2026 00:11:11.353] [main/DEBUG] [net.minecraftforge.fml.loading.moddiscovery.AbstractJarFileDependencyLocator/]: Failed to load resource META-INF\jarjar\metadata.json from jade-1.20.1-1_mapped_official_1.20.1.jar, it does not contain dependency information.
[041月2026 00:11:11.353] [main/DEBUG] [net.minecraftforge.fml.loading.moddiscovery.AbstractJarFileDependencyLocator/]: Failed to load resource META-INF\jarjar\metadata.json from architectury-1.20.1-1_mapped_official_1.20.1.jar, it does not contain dependency information.
[041月2026 00:11:11.354] [main/DEBUG] [net.minecraftforge.fml.loading.moddiscovery.AbstractJarFileDependencyLocator/]: Failed to load resource META-INF\jarjar\metadata.json from playeranimator-1.20.1-1_mapped_official_1.20.1.jar, it does not contain dependency information.
[041月2026 00:11:11.354] [main/DEBUG] [net.minecraftforge.fml.loading.moddiscovery.AbstractJarFileDependencyLocator/]: Failed to load resource META-INF\jarjar\metadata.json from jei-1.20.1-1_mapped_official_1.20.1.jar, it does not contain dependency information.
[041月2026 00:11:11.354] [main/DEBUG] [net.minecraftforge.fml.loading.moddiscovery.AbstractJarFileDependencyLocator/]: Failed to load resource META-INF\jarjar\metadata.json from caelus-1.20.1-1_mapped_official_1.20.1.jar, it does not contain dependency information.
[041月2026 00:11:11.355] [main/DEBUG] [net.minecraftforge.fml.loading.moddiscovery.AbstractJarFileDependencyLocator/]: Failed to load resource META-INF\jarjar\metadata.json from , it does not contain dependency information.
[041月2026 00:11:11.355] [main/DEBUG] [net.minecraftforge.fml.loading.moddiscovery.AbstractJarFileDependencyLocator/]: Failed to load resource META-INF\jarjar\metadata.json from curios-1.20.1-1_mapped_official_1.20.1.jar, it does not contain dependency information.
[041月2026 00:11:11.356] [main/DEBUG] [net.minecraftforge.fml.loading.moddiscovery.AbstractJarFileDependencyLocator/]: Failed to load resource META-INF\jarjar\metadata.json from patchouli-1.20.1-1_mapped_official_1.20.1.jar, it does not contain dependency information.
[041月2026 00:11:11.356] [main/DEBUG] [net.minecraftforge.fml.loading.moddiscovery.AbstractJarFileDependencyLocator/]: Failed to load resource META-INF\jarjar\metadata.json from citadel-1.20.1-1_mapped_official_1.20.1.jar, it does not contain dependency information.
[041月2026 00:11:11.356] [main/DEBUG] [net.minecraftforge.fml.loading.moddiscovery.AbstractJarFileDependencyLocator/]: Failed to load resource META-INF\jarjar\metadata.json from placebo-1.20.1-1_mapped_official_1.20.1.jar, it does not contain dependency information.
[041月2026 00:11:11.356] [main/DEBUG] [net.minecraftforge.fml.loading.moddiscovery.AbstractJarFileDependencyLocator/]: Failed to load resource META-INF\jarjar\metadata.json from mclanguage-1.20.1-47.3.29.jar, it does not contain dependency information.
[041月2026 00:11:11.356] [main/DEBUG] [net.minecraftforge.fml.loading.moddiscovery.AbstractJarFileDependencyLocator/]: Failed to load resource META-INF\jarjar\metadata.json from javafmllanguage-1.20.1-47.3.29.jar, it does not contain dependency information.
[041月2026 00:11:11.356] [main/DEBUG] [net.minecraftforge.fml.loading.moddiscovery.AbstractJarFileDependencyLocator/]: Failed to load resource META-INF\jarjar\metadata.json from fmlcore-1.20.1-47.3.29.jar, it does not contain dependency information.
[041月2026 00:11:11.356] [main/DEBUG] [net.minecraftforge.fml.loading.moddiscovery.AbstractJarFileDependencyLocator/]: Failed to load resource META-INF\jarjar\metadata.json from lowcodelanguage-1.20.1-47.3.29.jar, it does not contain dependency information.
[041月2026 00:11:11.416] [main/DEBUG] [net.minecraftforge.fml.loading.moddiscovery.ModFileParser/LOADING]: Considering mod file candidate 
[041月2026 00:11:11.417] [main/DEBUG] [net.minecraftforge.fml.loading.moddiscovery.ModFileInfo/LOADING]: Found valid mod file mixinextras-forge-0.2.1-beta.2.jar with {mixinextras} mods - versions {0.2.1-beta.2}
[041月2026 00:11:11.420] [main/DEBUG] [net.minecraftforge.fml.loading.moddiscovery.ModFileParser/LOADING]: Considering mod file candidate 
[041月2026 00:11:11.420] [main/DEBUG] [net.minecraftforge.fml.loading.moddiscovery.ModFileInfo/LOADING]: Found valid mod file mixinextras-forge-0.3.6.jar with {mixinextras} mods - versions {0.3.6}
[041月2026 00:11:11.432] [main/DEBUG] [net.minecraftforge.fml.loading.moddiscovery.ModFileParser/LOADING]: Considering mod file candidate 
[041月2026 00:11:11.433] [main/DEBUG] [net.minecraftforge.fml.loading.moddiscovery.ModFileInfo/LOADING]: Found valid mod file mixinextras-forge-0.3.6.jar with {mixinextras} mods - versions {0.3.6}
[041月2026 00:11:11.436] [main/DEBUG] [net.minecraftforge.fml.loading.moddiscovery.ModFileParser/LOADING]: Considering mod file candidate 
[041月2026 00:11:11.437] [main/DEBUG] [net.minecraftforge.fml.loading.moddiscovery.ModFileInfo/LOADING]: Found valid mod file mixinextras-forge-0.2.0-rc.2.jar with {mixinextras} mods - versions {0.2.0-rc.2}
[041月2026 00:11:11.438] [main/DEBUG] [net.minecraftforge.fml.loading.moddiscovery.ModFileParser/LOADING]: Considering mod file candidate 
[041月2026 00:11:11.439] [main/DEBUG] [net.minecraftforge.fml.loading.moddiscovery.ModFileInfo/LOADING]: Found valid mod file mixinextras-forge-0.2.0-beta.8.jar with {mixinextras} mods - versions {0.2.0-beta.8}
[041月2026 00:11:11.459] [main/DEBUG] [net.minecraftforge.fml.loading.moddiscovery.ModFileParser/LOADING]: Considering mod file candidate 
[041月2026 00:11:11.460] [main/DEBUG] [net.minecraftforge.fml.loading.moddiscovery.ModFileInfo/LOADING]: Found valid mod file geckolib-forge-1.20.1-4.4.4.jar with {geckolib} mods - versions {4.4.4}
[041月2026 00:11:11.477] [main/DEBUG] [net.minecraftforge.fml.loading.moddiscovery.AbstractJarFileDependencyLocator/]: Failed to load resource META-INF\jarjar\metadata.json from mclib-20.jar, it does not contain dependency information.
[041月2026 00:11:11.491] [main/DEBUG] [net.minecraftforge.fml.loading.moddiscovery.AbstractJarFileDependencyLocator/]: Failed to load resource META-INF\jarjar\metadata.json from MixinExtras-0.2.1-beta.2.jar, it does not contain dependency information.
[041月2026 00:11:11.491] [main/DEBUG] [net.minecraftforge.fml.loading.moddiscovery.AbstractJarFileDependencyLocator/]: Failed to load resource META-INF\jarjar\metadata.json from MixinExtras-0.3.6.jar, it does not contain dependency information.
[041月2026 00:11:11.491] [main/DEBUG] [net.minecraftforge.fml.loading.moddiscovery.AbstractJarFileDependencyLocator/]: Failed to load resource META-INF\jarjar\metadata.json from MixinExtras-0.3.6.jar, it does not contain dependency information.
[041月2026 00:11:11.492] [main/DEBUG] [net.minecraftforge.fml.loading.moddiscovery.AbstractJarFileDependencyLocator/]: Failed to load resource META-INF\jarjar\metadata.json from MixinExtras-0.2.0-rc.2.jar, it does not contain dependency information.
[041月2026 00:11:11.492] [main/DEBUG] [net.minecraftforge.fml.loading.moddiscovery.AbstractJarFileDependencyLocator/]: Failed to load resource META-INF\jarjar\metadata.json from MixinExtras-0.2.0-beta.8.jar, it does not contain dependency information.
[041月2026 00:11:11.492] [main/DEBUG] [net.minecraftforge.fml.loading.moddiscovery.AbstractJarFileDependencyLocator/]: Failed to load resource META-INF\jarjar\metadata.json from mclib-20.jar, it does not contain dependency information.
[041月2026 00:11:11.535] [main/DEBUG] [net.minecraftforge.fml.loading.moddiscovery.ModFileParser/LOADING]: Considering mod file candidate 
[041月2026 00:11:11.536] [main/DEBUG] [net.minecraftforge.fml.loading.moddiscovery.ModFileInfo/LOADING]: Found valid mod file mixinextras-forge-0.3.6.jar with {mixinextras} mods - versions {0.3.6}
[041月2026 00:11:11.544] [main/DEBUG] [net.minecraftforge.fml.loading.moddiscovery.ModFileParser/LOADING]: Considering mod file candidate 
[041月2026 00:11:11.545] [main/DEBUG] [net.minecraftforge.fml.loading.moddiscovery.ModFileInfo/LOADING]: Found valid mod file geckolib-forge-1.20.1-4.4.4.jar with {geckolib} mods - versions {4.4.4}
[041月2026 00:11:11.548] [main/DEBUG] [net.minecraftforge.fml.loading.moddiscovery.ModFileParser/LOADING]: Considering mod file candidate 
[041月2026 00:11:11.549] [main/DEBUG] [net.minecraftforge.fml.loading.moddiscovery.ModFileInfo/LOADING]: Found valid mod file mixinextras-forge-0.2.0-beta.8.jar with {mixinextras} mods - versions {0.2.0-beta.8}
[041月2026 00:11:11.557] [main/WARN] [net.minecraftforge.jarjar.selection.JarSelector/]: Attempted to select two dependency jars from JarJar which have the same identification: Mod File:  and Mod File: . Using Mod File: 
[041月2026 00:11:11.558] [main/WARN] [net.minecraftforge.jarjar.selection.JarSelector/]: Attempted to select a dependency jar for JarJar which was passed in as source: geckolib. Using Mod File: C:\Users\lenovo\.gradle\caches\forge_gradle\deobf_dependencies\blank\geckolib-1.20.1\1_mapped_official_1.20.1\geckolib-1.20.1-1_mapped_official_1.20.1.jar
[041月2026 00:11:11.559] [main/INFO] [net.minecraftforge.fml.loading.moddiscovery.JarInJarDependencyLocator/]: Found 3 dependencies adding them to mods collection
[041月2026 00:11:11.560] [main/DEBUG] [net.minecraftforge.fml.loading.moddiscovery.ModFileInfo/LOADING]: Found valid mod file forge-1.20.1-47.3.29_mapped_official_1.20.1-recomp.jar with {minecraft} mods - versions {1.20.1}
[041月2026 00:11:11.564] [main/DEBUG] [net.minecraftforge.fml.loading.moddiscovery.ModFile/LOADING]: Loading mod file F:\ArsExtensions\build\fg_cache\net\minecraftforge\forge\1.20.1-47.3.29_mapped_official_1.20.1\forge-1.20.1-47.3.29_mapped_official_1.20.1-recomp.jar with languages [LanguageSpec[languageName=minecraft, acceptedVersions=1]]
[041月2026 00:11:11.565] [main/DEBUG] [net.minecraftforge.fml.loading.moddiscovery.ModFileParser/LOADING]: Considering mod file candidate C:\Users\lenovo\.gradle\caches\forge_gradle\deobf_dependencies\blank\attributeslib-1.20.1\1_mapped_official_1.20.1\attributeslib-1.20.1-1_mapped_official_1.20.1.jar
[041月2026 00:11:11.566] [main/DEBUG] [net.minecraftforge.fml.loading.moddiscovery.ModFileInfo/LOADING]: Found valid mod file attributeslib-1.20.1-1_mapped_official_1.20.1.jar with {attributeslib} mods - versions {1.3.7}
[041月2026 00:11:11.566] [main/DEBUG] [net.minecraftforge.fml.loading.moddiscovery.ModFile/LOADING]: Loading mod file C:\Users\lenovo\.gradle\caches\forge_gradle\deobf_dependencies\blank\attributeslib-1.20.1\1_mapped_official_1.20.1\attributeslib-1.20.1-1_mapped_official_1.20.1.jar with languages [LanguageSpec[languageName=javafml, acceptedVersions=[32,)]]
[041月2026 00:11:11.569] [main/DEBUG] [net.minecraftforge.fml.loading.moddiscovery.ModFileParser/LOADING]: Found coremod attributeslib_potion_gui_tooltips with Javascript path coremods/potion_gui_tooltips.js
[041月2026 00:11:11.569] [main/DEBUG] [net.minecraftforge.fml.loading.moddiscovery.ModFile/LOADING]: Found coremod coremods/potion_gui_tooltips.js
[041月2026 00:11:11.569] [main/DEBUG] [net.minecraftforge.fml.loading.moddiscovery.ModFileParser/LOADING]: Considering mod file candidate C:\Users\lenovo\.gradle\caches\forge_gradle\deobf_dependencies\blank\irons_spellbooks-1.20.1\1_mapped_official_1.20.1\irons_spellbooks-1.20.1-1_mapped_official_1.20.1.jar
[041月2026 00:11:11.570] [main/DEBUG] [net.minecraftforge.fml.loading.moddiscovery.ModFileInfo/LOADING]: Found valid mod file irons_spellbooks-1.20.1-1_mapped_official_1.20.1.jar with {irons_spellbooks} mods - versions {1.20.1-3.4.0.9}
[041月2026 00:11:11.570] [main/DEBUG] [net.minecraftforge.fml.loading.moddiscovery.ModFile/LOADING]: Loading mod file C:\Users\lenovo\.gradle\caches\forge_gradle\deobf_dependencies\blank\irons_spellbooks-1.20.1\1_mapped_official_1.20.1\irons_spellbooks-1.20.1-1_mapped_official_1.20.1.jar with languages [LanguageSpec[languageName=javafml, acceptedVersions=[47,)]]
[041月2026 00:11:11.571] [main/DEBUG] [net.minecraftforge.fml.loading.moddiscovery.ModFileParser/LOADING]: Considering mod file candidate C:\Users\lenovo\.gradle\caches\forge_gradle\deobf_dependencies\blank\kubejs-1.20.1\1_mapped_official_1.20.1\kubejs-1.20.1-1_mapped_official_1.20.1.jar
[041月2026 00:11:11.572] [main/DEBUG] [net.minecraftforge.fml.loading.moddiscovery.ModFileInfo/LOADING]: Found valid mod file kubejs-1.20.1-1_mapped_official_1.20.1.jar with {kubejs} mods - versions {2001.6.5-build.16}
[041月2026 00:11:11.572] [main/DEBUG] [net.minecraftforge.fml.loading.moddiscovery.ModFile/LOADING]: Loading mod file C:\Users\lenovo\.gradle\caches\forge_gradle\deobf_dependencies\blank\kubejs-1.20.1\1_mapped_official_1.20.1\kubejs-1.20.1-1_mapped_official_1.20.1.jar with languages [LanguageSpec[languageName=javafml, acceptedVersions=[47,)]]
[041月2026 00:11:11.572] [main/DEBUG] [net.minecraftforge.fml.loading.moddiscovery.ModFileParser/LOADING]: Considering mod file candidate C:\Users\lenovo\.gradle\caches\forge_gradle\deobf_dependencies\blank\rhino-1.20.1\1_mapped_official_1.20.1\rhino-1.20.1-1_mapped_official_1.20.1.jar
[041月2026 00:11:11.573] [main/DEBUG] [net.minecraftforge.fml.loading.moddiscovery.ModFileInfo/LOADING]: Found valid mod file rhino-1.20.1-1_mapped_official_1.20.1.jar with {rhino} mods - versions {2001.2.3-build.10}
[041月2026 00:11:11.573] [main/DEBUG] [net.minecraftforge.fml.loading.moddiscovery.ModFile/LOADING]: Loading mod file C:\Users\lenovo\.gradle\caches\forge_gradle\deobf_dependencies\blank\rhino-1.20.1\1_mapped_official_1.20.1\rhino-1.20.1-1_mapped_official_1.20.1.jar with languages [LanguageSpec[languageName=javafml, acceptedVersions=[38,)]]
[041月2026 00:11:11.573] [main/DEBUG] [net.minecraftforge.fml.loading.moddiscovery.ModFileParser/LOADING]: Considering mod file candidate C:\Users\lenovo\.gradle\caches\forge_gradle\deobf_dependencies\blank\TerraCurio-1.20.1\1_mapped_official_1.20.1\TerraCurio-1.20.1-1_mapped_official_1.20.1.jar
[041月2026 00:11:11.574] [main/DEBUG] [net.minecraftforge.fml.loading.moddiscovery.ModFileInfo/LOADING]: Found valid mod file TerraCurio-1.20.1-1_mapped_official_1.20.1.jar with {confluence} mods - versions {0.1.13}
[041月2026 00:11:11.574] [main/DEBUG] [net.minecraftforge.fml.loading.moddiscovery.ModFile/LOADING]: Loading mod file C:\Users\lenovo\.gradle\caches\forge_gradle\deobf_dependencies\blank\TerraCurio-1.20.1\1_mapped_official_1.20.1\TerraCurio-1.20.1-1_mapped_official_1.20.1.jar with languages [LanguageSpec[languageName=javafml, acceptedVersions=[47,)]]
[041月2026 00:11:11.574] [main/DEBUG] [net.minecraftforge.fml.loading.moddiscovery.ModFileParser/LOADING]: Considering mod file candidate C:\Users\lenovo\.gradle\caches\forge_gradle\deobf_dependencies\blank\moonlight-1.20.1\1_mapped_official_1.20.1\moonlight-1.20.1-1_mapped_official_1.20.1.jar
[041月2026 00:11:11.575] [main/DEBUG] [net.minecraftforge.fml.loading.moddiscovery.ModFileInfo/LOADING]: Found valid mod file moonlight-1.20.1-1_mapped_official_1.20.1.jar with {moonlight} mods - versions {1.20-2.14.11}
[041月2026 00:11:11.575] [main/DEBUG] [net.minecraftforge.fml.loading.moddiscovery.ModFile/LOADING]: Loading mod file C:\Users\lenovo\.gradle\caches\forge_gradle\deobf_dependencies\blank\moonlight-1.20.1\1_mapped_official_1.20.1\moonlight-1.20.1-1_mapped_official_1.20.1.jar with languages [LanguageSpec[languageName=javafml, acceptedVersions=[40,)]]
[041月2026 00:11:11.575] [main/DEBUG] [net.minecraftforge.fml.loading.moddiscovery.ModFileParser/LOADING]: Considering mod file candidate F:\ArsExtensions\build\resources\main
[041月2026 00:11:11.577] [main/DEBUG] [net.minecraftforge.fml.loading.moddiscovery.ModFileInfo/LOADING]: Found valid mod file main with {ars_extensions} mods - versions {1.0.1}
[041月2026 00:11:11.577] [main/DEBUG] [net.minecraftforge.fml.loading.moddiscovery.ModFile/LOADING]: Loading mod file F:\ArsExtensions\build\resources\main with languages [LanguageSpec[languageName=javafml, acceptedVersions=[47,)]]
[041月2026 00:11:11.577] [main/DEBUG] [net.minecraftforge.fml.loading.moddiscovery.ModFileParser/LOADING]: Considering mod file candidate C:\Users\lenovo\.gradle\caches\forge_gradle\deobf_dependencies\blank\jade-1.20.1\1_mapped_official_1.20.1\jade-1.20.1-1_mapped_official_1.20.1.jar
[041月2026 00:11:11.578] [main/DEBUG] [net.minecraftforge.fml.loading.moddiscovery.ModFileInfo/LOADING]: Found valid mod file jade-1.20.1-1_mapped_official_1.20.1.jar with {jade} mods - versions {11.13.1+forge}
[041月2026 00:11:11.579] [main/DEBUG] [net.minecraftforge.fml.loading.moddiscovery.ModFile/LOADING]: Loading mod file C:\Users\lenovo\.gradle\caches\forge_gradle\deobf_dependencies\blank\jade-1.20.1\1_mapped_official_1.20.1\jade-1.20.1-1_mapped_official_1.20.1.jar with languages [LanguageSpec[languageName=javafml, acceptedVersions=[46,)]]
[041月2026 00:11:11.579] [main/DEBUG] [net.minecraftforge.fml.loading.moddiscovery.ModFileParser/LOADING]: Considering mod file candidate C:\Users\lenovo\.gradle\caches\forge_gradle\deobf_dependencies\blank\geckolib-1.20.1\1_mapped_official_1.20.1\geckolib-1.20.1-1_mapped_official_1.20.1.jar
[041月2026 00:11:11.580] [main/DEBUG] [net.minecraftforge.fml.loading.moddiscovery.ModFileInfo/LOADING]: Found valid mod file geckolib-1.20.1-1_mapped_official_1.20.1.jar with {geckolib} mods - versions {4.7.3}
[041月2026 00:11:11.580] [main/DEBUG] [net.minecraftforge.fml.loading.moddiscovery.ModFile/LOADING]: Loading mod file C:\Users\lenovo\.gradle\caches\forge_gradle\deobf_dependencies\blank\geckolib-1.20.1\1_mapped_official_1.20.1\geckolib-1.20.1-1_mapped_official_1.20.1.jar with languages [LanguageSpec[languageName=javafml, acceptedVersions=[47,)]]
[041月2026 00:11:11.580] [main/DEBUG] [net.minecraftforge.fml.loading.moddiscovery.ModFileParser/LOADING]: Considering mod file candidate C:\Users\lenovo\.gradle\caches\forge_gradle\deobf_dependencies\blank\architectury-1.20.1\1_mapped_official_1.20.1\architectury-1.20.1-1_mapped_official_1.20.1.jar
[041月2026 00:11:11.581] [main/DEBUG] [net.minecraftforge.fml.loading.moddiscovery.ModFileInfo/LOADING]: Found valid mod file architectury-1.20.1-1_mapped_official_1.20.1.jar with {architectury} mods - versions {9.2.14}
[041月2026 00:11:11.581] [main/DEBUG] [net.minecraftforge.fml.loading.moddiscovery.ModFile/LOADING]: Loading mod file C:\Users\lenovo\.gradle\caches\forge_gradle\deobf_dependencies\blank\architectury-1.20.1\1_mapped_official_1.20.1\architectury-1.20.1-1_mapped_official_1.20.1.jar with languages [LanguageSpec[languageName=javafml, acceptedVersions=[46,)]]
[041月2026 00:11:11.581] [main/DEBUG] [net.minecraftforge.fml.loading.moddiscovery.ModFileParser/LOADING]: Considering mod file candidate C:\Users\lenovo\.gradle\caches\forge_gradle\deobf_dependencies\blank\playeranimator-1.20.1\1_mapped_official_1.20.1\playeranimator-1.20.1-1_mapped_official_1.20.1.jar
[041月2026 00:11:11.582] [main/DEBUG] [net.minecraftforge.fml.loading.moddiscovery.ModFileInfo/LOADING]: Found valid mod file playeranimator-1.20.1-1_mapped_official_1.20.1.jar with {playeranimator} mods - versions {1.0.2-rc1+1.20}
[041月2026 00:11:11.582] [main/DEBUG] [net.minecraftforge.fml.loading.moddiscovery.ModFile/LOADING]: Loading mod file C:\Users\lenovo\.gradle\caches\forge_gradle\deobf_dependencies\blank\playeranimator-1.20.1\1_mapped_official_1.20.1\playeranimator-1.20.1-1_mapped_official_1.20.1.jar with languages [LanguageSpec[languageName=javafml, acceptedVersions=[46.0.0,)]]
[041月2026 00:11:11.582] [main/DEBUG] [net.minecraftforge.fml.loading.moddiscovery.ModFileParser/LOADING]: Considering mod file candidate C:\Users\lenovo\.gradle\caches\forge_gradle\deobf_dependencies\blank\jei-1.20.1\1_mapped_official_1.20.1\jei-1.20.1-1_mapped_official_1.20.1.jar
[041月2026 00:11:11.583] [main/DEBUG] [net.minecraftforge.fml.loading.moddiscovery.ModFileInfo/LOADING]: Found valid mod file jei-1.20.1-1_mapped_official_1.20.1.jar with {jei} mods - versions {15.20.0.112}
[041月2026 00:11:11.583] [main/DEBUG] [net.minecraftforge.fml.loading.moddiscovery.ModFile/LOADING]: Loading mod file C:\Users\lenovo\.gradle\caches\forge_gradle\deobf_dependencies\blank\jei-1.20.1\1_mapped_official_1.20.1\jei-1.20.1-1_mapped_official_1.20.1.jar with languages [LanguageSpec[languageName=javafml, acceptedVersions=[47,)]]
[041月2026 00:11:11.583] [main/DEBUG] [net.minecraftforge.fml.loading.moddiscovery.ModFileParser/LOADING]: Considering mod file candidate C:\Users\lenovo\.gradle\caches\forge_gradle\deobf_dependencies\blank\ars_nouveau-1.20.1\1_mapped_official_1.20.1\ars_nouveau-1.20.1-1_mapped_official_1.20.1.jar
[041月2026 00:11:11.584] [main/DEBUG] [net.minecraftforge.fml.loading.moddiscovery.ModFileInfo/LOADING]: Found valid mod file ars_nouveau-1.20.1-1_mapped_official_1.20.1.jar with {ars_nouveau} mods - versions {4.12.7}
[041月2026 00:11:11.584] [main/DEBUG] [net.minecraftforge.fml.loading.moddiscovery.ModFile/LOADING]: Loading mod file C:\Users\lenovo\.gradle\caches\forge_gradle\deobf_dependencies\blank\ars_nouveau-1.20.1\1_mapped_official_1.20.1\ars_nouveau-1.20.1-1_mapped_official_1.20.1.jar with languages [LanguageSpec[languageName=javafml, acceptedVersions=[40,)]]
[041月2026 00:11:11.584] [main/DEBUG] [net.minecraftforge.fml.loading.moddiscovery.ModFileParser/LOADING]: Considering mod file candidate C:\Users\lenovo\.gradle\caches\forge_gradle\deobf_dependencies\blank\caelus-1.20.1\1_mapped_official_1.20.1\caelus-1.20.1-1_mapped_official_1.20.1.jar
[041月2026 00:11:11.584] [main/DEBUG] [net.minecraftforge.fml.loading.moddiscovery.ModFileInfo/LOADING]: Found valid mod file caelus-1.20.1-1_mapped_official_1.20.1.jar with {caelus} mods - versions {3.2.0+1.20.1}
[041月2026 00:11:11.584] [main/DEBUG] [net.minecraftforge.fml.loading.moddiscovery.ModFile/LOADING]: Loading mod file C:\Users\lenovo\.gradle\caches\forge_gradle\deobf_dependencies\blank\caelus-1.20.1\1_mapped_official_1.20.1\caelus-1.20.1-1_mapped_official_1.20.1.jar with languages [LanguageSpec[languageName=javafml, acceptedVersions=[46,)]]
[041月2026 00:11:11.585] [main/DEBUG] [net.minecraftforge.fml.loading.moddiscovery.ModFileParser/LOADING]: Considering mod file candidate /
[041月2026 00:11:11.585] [main/DEBUG] [net.minecraftforge.fml.loading.moddiscovery.ModFileInfo/LOADING]: Found valid mod file  with {forge} mods - versions {47.3.29}
[041月2026 00:11:11.585] [main/DEBUG] [net.minecraftforge.fml.loading.moddiscovery.ModFile/LOADING]: Loading mod file / with languages [LanguageSpec[languageName=javafml, acceptedVersions=[24,]]]
[041月2026 00:11:11.586] [main/DEBUG] [net.minecraftforge.fml.loading.moddiscovery.ModFileParser/LOADING]: Found coremod field_to_method with Javascript path coremods/field_to_method.js
[041月2026 00:11:11.586] [main/DEBUG] [net.minecraftforge.fml.loading.moddiscovery.ModFileParser/LOADING]: Found coremod field_to_instanceof with Javascript path coremods/field_to_instanceof.js
[041月2026 00:11:11.586] [main/DEBUG] [net.minecraftforge.fml.loading.moddiscovery.ModFileParser/LOADING]: Found coremod add_bouncer_method with Javascript path coremods/add_bouncer_method.js
[041月2026 00:11:11.586] [main/DEBUG] [net.minecraftforge.fml.loading.moddiscovery.ModFileParser/LOADING]: Found coremod method_redirector with Javascript path coremods/method_redirector.js
[041月2026 00:11:11.587] [main/DEBUG] [net.minecraftforge.fml.loading.moddiscovery.ModFile/LOADING]: Found coremod coremods/field_to_method.js
[041月2026 00:11:11.587] [main/DEBUG] [net.minecraftforge.fml.loading.moddiscovery.ModFile/LOADING]: Found coremod coremods/field_to_instanceof.js
[041月2026 00:11:11.587] [main/DEBUG] [net.minecraftforge.fml.loading.moddiscovery.ModFile/LOADING]: Found coremod coremods/add_bouncer_method.js
[041月2026 00:11:11.587] [main/DEBUG] [net.minecraftforge.fml.loading.moddiscovery.ModFile/LOADING]: Found coremod coremods/method_redirector.js
[041月2026 00:11:11.588] [main/DEBUG] [net.minecraftforge.fml.loading.moddiscovery.ModFileParser/LOADING]: Considering mod file candidate C:\Users\lenovo\.gradle\caches\forge_gradle\deobf_dependencies\blank\mmmmmmmmmmmm-1.20.1\1_mapped_official_1.20.1\mmmmmmmmmmmm-1.20.1-1_mapped_official_1.20.1.jar
[041月2026 00:11:11.588] [main/DEBUG] [net.minecraftforge.fml.loading.moddiscovery.ModFileInfo/LOADING]: Found valid mod file mmmmmmmmmmmm-1.20.1-1_mapped_official_1.20.1.jar with {dummmmmmy} mods - versions {1.20-2.0.7}
[041月2026 00:11:11.589] [main/DEBUG] [net.minecraftforge.fml.loading.moddiscovery.ModFile/LOADING]: Loading mod file C:\Users\lenovo\.gradle\caches\forge_gradle\deobf_dependencies\blank\mmmmmmmmmmmm-1.20.1\1_mapped_official_1.20.1\mmmmmmmmmmmm-1.20.1-1_mapped_official_1.20.1.jar with languages [LanguageSpec[languageName=javafml, acceptedVersions=[40,)]]
[041月2026 00:11:11.589] [main/DEBUG] [net.minecraftforge.fml.loading.moddiscovery.ModFileParser/LOADING]: Considering mod file candidate C:\Users\lenovo\.gradle\caches\forge_gradle\deobf_dependencies\blank\curios-1.20.1\1_mapped_official_1.20.1\curios-1.20.1-1_mapped_official_1.20.1.jar
[041月2026 00:11:11.589] [main/DEBUG] [net.minecraftforge.fml.loading.moddiscovery.ModFileInfo/LOADING]: Found valid mod file curios-1.20.1-1_mapped_official_1.20.1.jar with {curios} mods - versions {5.14.1+1.20.1}
[041月2026 00:11:11.590] [main/DEBUG] [net.minecraftforge.fml.loading.moddiscovery.ModFile/LOADING]: Loading mod file C:\Users\lenovo\.gradle\caches\forge_gradle\deobf_dependencies\blank\curios-1.20.1\1_mapped_official_1.20.1\curios-1.20.1-1_mapped_official_1.20.1.jar with languages [LanguageSpec[languageName=javafml, acceptedVersions=[41,)]]
[041月2026 00:11:11.590] [main/DEBUG] [net.minecraftforge.fml.loading.moddiscovery.ModFileParser/LOADING]: Considering mod file candidate C:\Users\lenovo\.gradle\caches\forge_gradle\deobf_dependencies\blank\patchouli-1.20.1\1_mapped_official_1.20.1\patchouli-1.20.1-1_mapped_official_1.20.1.jar
[041月2026 00:11:11.590] [main/DEBUG] [net.minecraftforge.fml.loading.moddiscovery.ModFileInfo/LOADING]: Found valid mod file patchouli-1.20.1-1_mapped_official_1.20.1.jar with {patchouli} mods - versions {1.20.1-84.1-FORGE}
[041月2026 00:11:11.591] [main/DEBUG] [net.minecraftforge.fml.loading.moddiscovery.ModFile/LOADING]: Loading mod file C:\Users\lenovo\.gradle\caches\forge_gradle\deobf_dependencies\blank\patchouli-1.20.1\1_mapped_official_1.20.1\patchouli-1.20.1-1_mapped_official_1.20.1.jar with languages [LanguageSpec[languageName=javafml, acceptedVersions=[47,)]]
[041月2026 00:11:11.591] [main/DEBUG] [net.minecraftforge.fml.loading.moddiscovery.ModFileParser/LOADING]: Considering mod file candidate C:\Users\lenovo\.gradle\caches\forge_gradle\deobf_dependencies\blank\placebo-1.20.1\1_mapped_official_1.20.1\placebo-1.20.1-1_mapped_official_1.20.1.jar
[041月2026 00:11:11.592] [main/DEBUG] [net.minecraftforge.fml.loading.moddiscovery.ModFileInfo/LOADING]: Found valid mod file placebo-1.20.1-1_mapped_official_1.20.1.jar with {placebo} mods - versions {8.6.3}
[041月2026 00:11:11.592] [main/DEBUG] [net.minecraftforge.fml.loading.moddiscovery.ModFile/LOADING]: Loading mod file C:\Users\lenovo\.gradle\caches\forge_gradle\deobf_dependencies\blank\placebo-1.20.1\1_mapped_official_1.20.1\placebo-1.20.1-1_mapped_official_1.20.1.jar with languages [LanguageSpec[languageName=javafml, acceptedVersions=[32,)]]
[041月2026 00:11:11.592] [main/DEBUG] [net.minecraftforge.fml.loading.moddiscovery.ModFileParser/LOADING]: Found coremod placebo_get_ench_level_event with Javascript path coremods/get_ench_level_event.js
[041月2026 00:11:11.593] [main/DEBUG] [net.minecraftforge.fml.loading.moddiscovery.ModFileParser/LOADING]: Found coremod placebo_get_ench_level_event_specific with Javascript path coremods/get_ench_level_event_specific.js
[041月2026 00:11:11.593] [main/DEBUG] [net.minecraftforge.fml.loading.moddiscovery.ModFile/LOADING]: Found coremod coremods/get_ench_level_event.js
[041月2026 00:11:11.593] [main/DEBUG] [net.minecraftforge.fml.loading.moddiscovery.ModFile/LOADING]: Found coremod coremods/get_ench_level_event_specific.js
[041月2026 00:11:11.593] [main/DEBUG] [net.minecraftforge.fml.loading.moddiscovery.ModFileParser/LOADING]: Considering mod file candidate C:\Users\lenovo\.gradle\caches\forge_gradle\deobf_dependencies\blank\citadel-1.20.1\1_mapped_official_1.20.1\citadel-1.20.1-1_mapped_official_1.20.1.jar
[041月2026 00:11:11.594] [main/DEBUG] [net.minecraftforge.fml.loading.moddiscovery.ModFileInfo/LOADING]: Found valid mod file citadel-1.20.1-1_mapped_official_1.20.1.jar with {citadel} mods - versions {2.6.2}
[041月2026 00:11:11.594] [main/DEBUG] [net.minecraftforge.fml.loading.moddiscovery.ModFile/LOADING]: Loading mod file C:\Users\lenovo\.gradle\caches\forge_gradle\deobf_dependencies\blank\citadel-1.20.1\1_mapped_official_1.20.1\citadel-1.20.1-1_mapped_official_1.20.1.jar with languages [LanguageSpec[languageName=javafml, acceptedVersions=[47,)]]
[041月2026 00:11:11.594] [main/DEBUG] [net.minecraftforge.fml.loading.moddiscovery.ModFile/LOADING]: Loading mod file  with languages []
[041月2026 00:11:11.595] [main/DEBUG] [net.minecraftforge.fml.loading.moddiscovery.ModFileParser/LOADING]: Considering mod file candidate 
[041月2026 00:11:11.596] [main/DEBUG] [net.minecraftforge.fml.loading.moddiscovery.ModFileInfo/LOADING]: Found valid mod file mixinextras-forge-0.3.6.jar with {mixinextras} mods - versions {0.3.6}
[041月2026 00:11:11.596] [main/DEBUG] [net.minecraftforge.fml.loading.moddiscovery.ModFile/LOADING]: Loading mod file  with languages [LanguageSpec[languageName=javafml, acceptedVersions=*]]
[041月2026 00:11:11.597] [main/DEBUG] [net.minecraftforge.fml.loading.moddiscovery.ModFile/LOADING]: Loading mod file  with languages []
[041月2026 00:11:11.597] [main/DEBUG] [net.minecraftforge.fml.loading.moddiscovery.ModFile/LOADING]: Loading mod file  with languages []
[041月2026 00:11:11.597] [main/DEBUG] [net.minecraftforge.fml.loading.moddiscovery.ModFileParser/LOADING]: Considering mod file candidate 
[041月2026 00:11:11.598] [main/DEBUG] [net.minecraftforge.fml.loading.moddiscovery.ModFileInfo/LOADING]: Found valid mod file mixinextras-forge-0.3.6.jar with {mixinextras} mods - versions {0.3.6}
[041月2026 00:11:11.598] [main/DEBUG] [net.minecraftforge.fml.loading.moddiscovery.ModFile/LOADING]: Loading mod file  with languages [LanguageSpec[languageName=javafml, acceptedVersions=*]]
[041月2026 00:11:11.599] [main/DEBUG] [net.minecraftforge.fml.loading.moddiscovery.ModFile/LOADING]: Loading mod file  with languages []
[041月2026 00:11:11.603] [main/DEBUG] [cpw.mods.modlauncher.TransformationServiceDecorator/MODLAUNCHER]: End scan trigger - transformation service fml
[041月2026 00:11:11.621] [main/DEBUG] [net.minecraftforge.fml.loading.LanguageLoadingProvider/CORE]: Found 3 language providers
[041月2026 00:11:11.622] [main/DEBUG] [net.minecraftforge.fml.loading.LanguageLoadingProvider/CORE]: Found language provider minecraft, version 1.0
[041月2026 00:11:11.623] [main/DEBUG] [net.minecraftforge.fml.loading.LanguageLoadingProvider/CORE]: Found language provider lowcodefml, version 47
[041月2026 00:11:11.623] [main/DEBUG] [net.minecraftforge.fml.loading.LanguageLoadingProvider/CORE]: Found language provider javafml, version 47
[041月2026 00:11:11.629] [main/DEBUG] [net.minecraftforge.fml.loading.UniqueModListBuilder/]: Found 2 mods for first modid mclib, selecting most recent based on version data
[041月2026 00:11:11.630] [main/DEBUG] [net.minecraftforge.fml.loading.UniqueModListBuilder/]: Selected file mclib-20.jar for modid mclib with version 0.0NONE
[041月2026 00:11:11.630] [main/DEBUG] [net.minecraftforge.fml.loading.UniqueModListBuilder/]: Found 2 mods for first modid mixinextras, selecting most recent based on version data
[041月2026 00:11:11.630] [main/DEBUG] [net.minecraftforge.fml.loading.UniqueModListBuilder/]: Selected file mixinextras-forge-0.3.6.jar for modid mixinextras with version 0.3.6
[041月2026 00:11:11.630] [main/DEBUG] [net.minecraftforge.fml.loading.UniqueModListBuilder/]: Found 2 mods for first modid MixinExtras, selecting most recent based on version data
[041月2026 00:11:11.631] [main/DEBUG] [net.minecraftforge.fml.loading.UniqueModListBuilder/]: Selected file MixinExtras-0.3.6.jar for modid MixinExtras with version 0.0NONE
[041月2026 00:11:11.637] [main/DEBUG] [net.minecraftforge.fml.loading.ModSorter/]: Configured system mods: [minecraft, forge]
[041月2026 00:11:11.637] [main/DEBUG] [net.minecraftforge.fml.loading.ModSorter/]: Found system mod: minecraft
[041月2026 00:11:11.638] [main/DEBUG] [net.minecraftforge.fml.loading.ModSorter/]: Found system mod: forge
[041月2026 00:11:11.645] [main/DEBUG] [net.minecraftforge.fml.loading.ModSorter/LOADING]: Found 41 mod requirements (39 mandatory, 2 optional)
[041月2026 00:11:11.646] [main/DEBUG] [net.minecraftforge.fml.loading.ModSorter/LOADING]: Found 0 mod requirements missing (0 mandatory, 0 optional)
[041月2026 00:11:12.064] [main/DEBUG] [net.minecraftforge.fml.loading.MCPNamingService/CORE]: Loaded 31003 field mappings from fields.csv
[041月2026 00:11:12.110] [main/DEBUG] [net.minecraftforge.fml.loading.MCPNamingService/CORE]: Loaded 33222 method mappings from methods.csv
[041月2026 00:11:12.244] [main/DEBUG] [cpw.mods.modlauncher.TransformationServicesHandler/MODLAUNCHER]: Transformation services loading transformers
[041月2026 00:11:12.244] [main/DEBUG] [cpw.mods.modlauncher.TransformationServiceDecorator/MODLAUNCHER]: Initializing transformers for transformation service mixin
[041月2026 00:11:12.246] [main/DEBUG] [cpw.mods.modlauncher.TransformationServiceDecorator/MODLAUNCHER]: Initialized transformers for transformation service mixin
[041月2026 00:11:12.246] [main/DEBUG] [cpw.mods.modlauncher.TransformationServiceDecorator/MODLAUNCHER]: Initializing transformers for transformation service fml
[041月2026 00:11:12.246] [main/DEBUG] [net.minecraftforge.fml.loading.FMLServiceProvider/CORE]: Loading coremod transformers
[041月2026 00:11:12.246] [main/DEBUG] [net.minecraftforge.coremod.CoreModEngine/COREMOD]: Loading CoreMod from coremods/potion_gui_tooltips.js
[041月2026 00:11:12.472] [main/DEBUG] [net.minecraftforge.coremod.CoreModEngine/COREMOD]: CoreMod loaded successfully
[041月2026 00:11:12.473] [main/DEBUG] [net.minecraftforge.coremod.CoreModEngine/COREMOD]: Loading CoreMod from coremods/field_to_method.js
[041月2026 00:11:12.510] [main/DEBUG] [net.minecraftforge.coremod.CoreModEngine/COREMOD]: CoreMod loaded successfully
[041月2026 00:11:12.510] [main/DEBUG] [net.minecraftforge.coremod.CoreModEngine/COREMOD]: Loading CoreMod from coremods/field_to_instanceof.js
[041月2026 00:11:12.582] [main/DEBUG] [net.minecraftforge.coremod.CoreModEngine/COREMOD]: CoreMod loaded successfully
[041月2026 00:11:12.582] [main/DEBUG] [net.minecraftforge.coremod.CoreModEngine/COREMOD]: Loading CoreMod from coremods/add_bouncer_method.js
[041月2026 00:11:12.617] [main/DEBUG] [net.minecraftforge.coremod.CoreModEngine/COREMOD]: CoreMod loaded successfully
[041月2026 00:11:12.617] [main/DEBUG] [net.minecraftforge.coremod.CoreModEngine/COREMOD]: Loading CoreMod from coremods/method_redirector.js
[041月2026 00:11:12.713] [main/DEBUG] [net.minecraftforge.coremod.CoreModEngine/COREMOD]: CoreMod loaded successfully
[041月2026 00:11:12.713] [main/DEBUG] [net.minecraftforge.coremod.CoreModEngine/COREMOD]: Loading CoreMod from coremods/get_ench_level_event.js
[041月2026 00:11:12.727] [main/DEBUG] [net.minecraftforge.coremod.CoreModEngine/COREMOD]: CoreMod loaded successfully
[041月2026 00:11:12.728] [main/DEBUG] [net.minecraftforge.coremod.CoreModEngine/COREMOD]: Loading CoreMod from coremods/get_ench_level_event_specific.js
[041月2026 00:11:12.739] [main/DEBUG] [net.minecraftforge.coremod.CoreModEngine/COREMOD]: CoreMod loaded successfully
[041月2026 00:11:12.758] [main/DEBUG] [cpw.mods.modlauncher.TransformStore/MODLAUNCHER]: Adding transformer net.minecraftforge.coremod.transformer.CoreModClassTransformer@59b32539 to Target : CLASS {Lnet/minecraft/world/level/biome/Biome;} {} {V}
[041月2026 00:11:12.759] [main/DEBUG] [cpw.mods.modlauncher.TransformStore/MODLAUNCHER]: Adding transformer net.minecraftforge.coremod.transformer.CoreModClassTransformer@6cd15072 to Target : CLASS {Lnet/minecraft/world/level/levelgen/structure/Structure;} {} {V}
[041月2026 00:11:12.759] [main/DEBUG] [cpw.mods.modlauncher.TransformStore/MODLAUNCHER]: Adding transformer net.minecraftforge.coremod.transformer.CoreModClassTransformer@78cfa264 to Target : CLASS {Lnet/minecraft/world/effect/MobEffectInstance;} {} {V}
[041月2026 00:11:12.760] [main/DEBUG] [cpw.mods.modlauncher.TransformStore/MODLAUNCHER]: Adding transformer net.minecraftforge.coremod.transformer.CoreModClassTransformer@3408f695 to Target : CLASS {Lnet/minecraft/world/level/block/LiquidBlock;} {} {V}
[041月2026 00:11:12.760] [main/DEBUG] [cpw.mods.modlauncher.TransformStore/MODLAUNCHER]: Adding transformer net.minecraftforge.coremod.transformer.CoreModClassTransformer@2b6a0ea9 to Target : CLASS {Lnet/minecraft/world/item/BucketItem;} {} {V}
[041月2026 00:11:12.760] [main/DEBUG] [cpw.mods.modlauncher.TransformStore/MODLAUNCHER]: Adding transformer net.minecraftforge.coremod.transformer.CoreModClassTransformer@4dde8976 to Target : CLASS {Lnet/minecraft/world/level/block/StairBlock;} {} {V}
[041月2026 00:11:12.760] [main/DEBUG] [cpw.mods.modlauncher.TransformStore/MODLAUNCHER]: Adding transformer net.minecraftforge.coremod.transformer.CoreModClassTransformer@4887de2b to Target : CLASS {Lnet/minecraft/world/level/block/FlowerPotBlock;} {} {V}
[041月2026 00:11:12.760] [main/DEBUG] [cpw.mods.modlauncher.TransformStore/MODLAUNCHER]: Adding transformer net.minecraftforge.coremod.transformer.CoreModClassTransformer@3b4825f0 to Target : CLASS {Lnet/minecraft/world/item/ItemStack;} {} {V}
[041月2026 00:11:12.760] [main/DEBUG] [cpw.mods.modlauncher.TransformStore/MODLAUNCHER]: Adding transformer net.minecraftforge.coremod.transformer.CoreModClassTransformer@40ac6b76 to Target : CLASS {Lnet/minecraft/network/play/client/CClientSettingsPacket;} {} {V}
[041月2026 00:11:12.761] [main/DEBUG] [cpw.mods.modlauncher.TransformStore/MODLAUNCHER]: Adding transformer net.minecraftforge.coremod.transformer.CoreModClassTransformer@7980cf2c to Target : CLASS {Lnet/minecraft/server/commands/RaidCommand;} {} {V}
[041月2026 00:11:12.761] [main/DEBUG] [cpw.mods.modlauncher.TransformStore/MODLAUNCHER]: Adding transformer net.minecraftforge.coremod.transformer.CoreModClassTransformer@7980cf2c to Target : CLASS {Lnet/minecraft/world/level/levelgen/structure/structures/WoodlandMansionPieces$WoodlandMansionPiece;} {} {V}
[041月2026 00:11:12.761] [main/DEBUG] [cpw.mods.modlauncher.TransformStore/MODLAUNCHER]: Adding transformer net.minecraftforge.coremod.transformer.CoreModClassTransformer@7980cf2c to Target : CLASS {Lnet/minecraft/world/level/levelgen/PatrolSpawner;} {} {V}
[041月2026 00:11:12.761] [main/DEBUG] [cpw.mods.modlauncher.TransformStore/MODLAUNCHER]: Adding transformer net.minecraftforge.coremod.transformer.CoreModClassTransformer@7980cf2c to Target : CLASS {Lnet/minecraft/world/entity/monster/Strider;} {} {V}
[041月2026 00:11:12.762] [main/DEBUG] [cpw.mods.modlauncher.TransformStore/MODLAUNCHER]: Adding transformer net.minecraftforge.coremod.transformer.CoreModClassTransformer@7980cf2c to Target : CLASS {Lnet/minecraft/server/commands/SummonCommand;} {} {V}
[041月2026 00:11:12.762] [main/DEBUG] [cpw.mods.modlauncher.TransformStore/MODLAUNCHER]: Adding transformer net.minecraftforge.coremod.transformer.CoreModClassTransformer@7980cf2c to Target : CLASS {Lnet/minecraft/world/entity/EntityType;} {} {V}
[041月2026 00:11:12.762] [main/DEBUG] [cpw.mods.modlauncher.TransformStore/MODLAUNCHER]: Adding transformer net.minecraftforge.coremod.transformer.CoreModClassTransformer@7980cf2c to Target : CLASS {Lnet/minecraft/world/level/levelgen/PhantomSpawner;} {} {V}
[041月2026 00:11:12.762] [main/DEBUG] [cpw.mods.modlauncher.TransformStore/MODLAUNCHER]: Adding transformer net.minecraftforge.coremod.transformer.CoreModClassTransformer@7980cf2c to Target : CLASS {Lnet/minecraft/world/level/levelgen/structure/structures/OceanMonumentPieces$OceanMonumentPiece;} {} {V}
[041月2026 00:11:12.762] [main/DEBUG] [cpw.mods.modlauncher.TransformStore/MODLAUNCHER]: Adding transformer net.minecraftforge.coremod.transformer.CoreModClassTransformer@7980cf2c to Target : CLASS {Lnet/minecraft/world/level/levelgen/structure/templatesystem/StructureTemplate;} {} {V}
[041月2026 00:11:12.762] [main/DEBUG] [cpw.mods.modlauncher.TransformStore/MODLAUNCHER]: Adding transformer net.minecraftforge.coremod.transformer.CoreModClassTransformer@7980cf2c to Target : CLASS {Lnet/minecraft/world/entity/npc/Villager;} {} {V}
[041月2026 00:11:12.763] [main/DEBUG] [cpw.mods.modlauncher.TransformStore/MODLAUNCHER]: Adding transformer net.minecraftforge.coremod.transformer.CoreModClassTransformer@7980cf2c to Target : CLASS {Lnet/minecraft/world/level/NaturalSpawner;} {} {V}
[041月2026 00:11:12.763] [main/DEBUG] [cpw.mods.modlauncher.TransformStore/MODLAUNCHER]: Adding transformer net.minecraftforge.coremod.transformer.CoreModClassTransformer@7980cf2c to Target : CLASS {Lnet/minecraft/world/level/levelgen/structure/structures/OceanRuinPieces$OceanRuinPiece;} {} {V}
[041月2026 00:11:12.763] [main/DEBUG] [cpw.mods.modlauncher.TransformStore/MODLAUNCHER]: Adding transformer net.minecraftforge.coremod.transformer.CoreModClassTransformer@7980cf2c to Target : CLASS {Lnet/minecraft/world/entity/monster/Evoker$EvokerSummonSpellGoal;} {} {V}
[041月2026 00:11:12.763] [main/DEBUG] [cpw.mods.modlauncher.TransformStore/MODLAUNCHER]: Adding transformer net.minecraftforge.coremod.transformer.CoreModClassTransformer@7980cf2c to Target : CLASS {Lnet/minecraft/world/entity/npc/CatSpawner;} {} {V}
[041月2026 00:11:12.763] [main/DEBUG] [cpw.mods.modlauncher.TransformStore/MODLAUNCHER]: Adding transformer net.minecraftforge.coremod.transformer.CoreModClassTransformer@7980cf2c to Target : CLASS {Lnet/minecraft/world/entity/monster/Zombie;} {} {V}
[041月2026 00:11:12.764] [main/DEBUG] [cpw.mods.modlauncher.TransformStore/MODLAUNCHER]: Adding transformer net.minecraftforge.coremod.transformer.CoreModClassTransformer@7980cf2c to Target : CLASS {Lnet/minecraft/world/entity/monster/Spider;} {} {V}
[041月2026 00:11:12.764] [main/DEBUG] [cpw.mods.modlauncher.TransformStore/MODLAUNCHER]: Adding transformer net.minecraftforge.coremod.transformer.CoreModClassTransformer@7980cf2c to Target : CLASS {Lnet/minecraft/world/entity/monster/ZombieVillager;} {} {V}
[041月2026 00:11:12.764] [main/DEBUG] [cpw.mods.modlauncher.TransformStore/MODLAUNCHER]: Adding transformer net.minecraftforge.coremod.transformer.CoreModClassTransformer@7980cf2c to Target : CLASS {Lnet/minecraft/world/entity/animal/horse/SkeletonTrapGoal;} {} {V}
[041月2026 00:11:12.764] [main/DEBUG] [cpw.mods.modlauncher.TransformStore/MODLAUNCHER]: Adding transformer net.minecraftforge.coremod.transformer.CoreModClassTransformer@7980cf2c to Target : CLASS {Lnet/minecraft/world/entity/raid/Raid;} {} {V}
[041月2026 00:11:12.764] [main/DEBUG] [cpw.mods.modlauncher.TransformStore/MODLAUNCHER]: Adding transformer net.minecraftforge.coremod.transformer.CoreModClassTransformer@7980cf2c to Target : CLASS {Lnet/minecraft/world/entity/ai/village/VillageSiege;} {} {V}
[041月2026 00:11:12.764] [main/DEBUG] [cpw.mods.modlauncher.TransformStore/MODLAUNCHER]: Adding transformer net.minecraftforge.coremod.transformer.CoreModClassTransformer@7980cf2c to Target : CLASS {Lnet/minecraft/world/entity/animal/frog/Tadpole;} {} {V}
[041月2026 00:11:12.764] [main/DEBUG] [cpw.mods.modlauncher.TransformStore/MODLAUNCHER]: Adding transformer net.minecraftforge.coremod.transformer.CoreModClassTransformer@7980cf2c to Target : CLASS {Lnet/minecraft/world/level/levelgen/structure/structures/SwampHutPiece;} {} {V}
[041月2026 00:11:12.764] [main/DEBUG] [cpw.mods.modlauncher.TransformStore/MODLAUNCHER]: Adding transformer net.minecraftforge.coremod.transformer.CoreModMethodTransformer@759de304 to Target : METHOD {Lnet/minecraft/client/gui/screens/inventory/EffectRenderingInventoryScreen;} {renderEffects} {(Lnet/minecraft/client/gui/GuiGraphics;II)V}
[041月2026 00:11:12.765] [main/DEBUG] [cpw.mods.modlauncher.TransformStore/MODLAUNCHER]: Adding transformer net.minecraftforge.coremod.transformer.CoreModMethodTransformer@5649d11a to Target : METHOD {Lnet/minecraftforge/common/extensions/IForgeItemStack;} {getAllEnchantments} {()Ljava/util/Map;}
[041月2026 00:11:12.765] [main/DEBUG] [cpw.mods.modlauncher.TransformStore/MODLAUNCHER]: Adding transformer net.minecraftforge.coremod.transformer.CoreModMethodTransformer@294f9d50 to Target : METHOD {Lnet/minecraftforge/common/extensions/IForgeItemStack;} {getEnchantmentLevel} {(Lnet/minecraft/world/item/enchantment/Enchantment;)I}
[041月2026 00:11:12.765] [main/DEBUG] [cpw.mods.modlauncher.TransformationServiceDecorator/MODLAUNCHER]: Initialized transformers for transformation service fml
[041月2026 00:11:14.070] [main/DEBUG] [mixin/]: Processing prepare() for PlatformAgent[MixinPlatformAgentDefault:ModLauncher Root Container(ModLauncher:4f56a0a2)]
[041月2026 00:11:14.070] [main/DEBUG] [mixin/]: Registering mixin config: ars_extensions.mixins.json
[041月2026 00:11:14.085] [main/DEBUG] [mixin/]: Compatibility level JAVA_8 specified by ars_extensions.mixins.json is lower than the default level supported by the current mixin service (JAVA_16).
[041月2026 00:11:14.087] [main/DEBUG] [mixin/]: Processing launch tasks for PlatformAgent[MixinPlatformAgentDefault:ModLauncher Root Container(ModLauncher:4f56a0a2)]
[041月2026 00:11:14.088] [main/DEBUG] [mixin/]: Adding mixin platform agents for container SecureJarResource(attributeslib)
[041月2026 00:11:14.088] [main/DEBUG] [mixin/]: Instancing new MixinPlatformAgentMinecraftForge for SecureJarResource(attributeslib)
[041月2026 00:11:14.088] [main/DEBUG] [mixin/]: MixinPlatformAgentMinecraftForge rejected container SecureJarResource(attributeslib)
[041月2026 00:11:14.088] [main/DEBUG] [mixin/]: Instancing new MixinPlatformAgentDefault for SecureJarResource(attributeslib)
[041月2026 00:11:14.088] [main/DEBUG] [mixin/]: MixinPlatformAgentDefault accepted container SecureJarResource(attributeslib)
[041月2026 00:11:14.088] [main/DEBUG] [mixin/]: Processing prepare() for PlatformAgent[MixinPlatformAgentDefault:SecureJarResource(attributeslib)]
[041月2026 00:11:14.088] [main/DEBUG] [mixin/]: Registering mixin config: attributeslib.mixins.json
[041月2026 00:11:14.090] [main/DEBUG] [mixin/]: Compatibility level JAVA_17 specified by attributeslib.mixins.json is higher than the maximum level supported by this version of mixin (JAVA_13).
[041月2026 00:11:14.093] [main/INFO] [mixin/]: Compatibility level set to JAVA_17
[041月2026 00:11:14.094] [main/DEBUG] [mixin/]: Adding mixin platform agents for container SecureJarResource(minecraft)
[041月2026 00:11:14.094] [main/DEBUG] [mixin/]: Instancing new MixinPlatformAgentMinecraftForge for SecureJarResource(minecraft)
[041月2026 00:11:14.094] [main/DEBUG] [mixin/]: MixinPlatformAgentMinecraftForge rejected container SecureJarResource(minecraft)
[041月2026 00:11:14.094] [main/DEBUG] [mixin/]: Instancing new MixinPlatformAgentDefault for SecureJarResource(minecraft)
[041月2026 00:11:14.095] [main/DEBUG] [mixin/]: MixinPlatformAgentDefault accepted container SecureJarResource(minecraft)
[041月2026 00:11:14.095] [main/DEBUG] [mixin/]: Processing prepare() for PlatformAgent[MixinPlatformAgentDefault:SecureJarResource(minecraft)]
[041月2026 00:11:14.095] [main/DEBUG] [mixin/]: Adding mixin platform agents for container SecureJarResource(mixinextras)
[041月2026 00:11:14.095] [main/DEBUG] [mixin/]: Instancing new MixinPlatformAgentMinecraftForge for SecureJarResource(mixinextras)
[041月2026 00:11:14.096] [main/DEBUG] [mixin/]: MixinPlatformAgentMinecraftForge rejected container SecureJarResource(mixinextras)
[041月2026 00:11:14.096] [main/DEBUG] [mixin/]: Instancing new MixinPlatformAgentDefault for SecureJarResource(mixinextras)
[041月2026 00:11:14.096] [main/DEBUG] [mixin/]: MixinPlatformAgentDefault accepted container SecureJarResource(mixinextras)
[041月2026 00:11:14.096] [main/DEBUG] [mixin/]: Processing prepare() for PlatformAgent[MixinPlatformAgentDefault:SecureJarResource(mixinextras)]
[041月2026 00:11:14.096] [main/DEBUG] [mixin/]: Registering mixin config: mixinextras.init.mixins.json
[041月2026 00:11:14.098] [main/DEBUG] [mixin/]: Adding mixin platform agents for container SecureJarResource(confluence)
[041月2026 00:11:14.098] [main/DEBUG] [mixin/]: Instancing new MixinPlatformAgentMinecraftForge for SecureJarResource(confluence)
[041月2026 00:11:14.098] [main/DEBUG] [mixin/]: MixinPlatformAgentMinecraftForge rejected container SecureJarResource(confluence)
[041月2026 00:11:14.098] [main/DEBUG] [mixin/]: Instancing new MixinPlatformAgentDefault for SecureJarResource(confluence)
[041月2026 00:11:14.098] [main/DEBUG] [mixin/]: MixinPlatformAgentDefault accepted container SecureJarResource(confluence)
[041月2026 00:11:14.098] [main/DEBUG] [mixin/]: Processing prepare() for PlatformAgent[MixinPlatformAgentDefault:SecureJarResource(confluence)]
[041月2026 00:11:14.098] [main/DEBUG] [mixin/]: Registering mixin config: confluence.mixins.json
[041月2026 00:11:14.100] [main/DEBUG] [mixin/]: Adding mixin platform agents for container SecureJarResource(rhino)
[041月2026 00:11:14.100] [main/DEBUG] [mixin/]: Instancing new MixinPlatformAgentMinecraftForge for SecureJarResource(rhino)
[041月2026 00:11:14.100] [main/DEBUG] [mixin/]: MixinPlatformAgentMinecraftForge rejected container SecureJarResource(rhino)
[041月2026 00:11:14.101] [main/DEBUG] [mixin/]: Instancing new MixinPlatformAgentDefault for SecureJarResource(rhino)
[041月2026 00:11:14.101] [main/DEBUG] [mixin/]: MixinPlatformAgentDefault accepted container SecureJarResource(rhino)
[041月2026 00:11:14.101] [main/DEBUG] [mixin/]: Processing prepare() for PlatformAgent[MixinPlatformAgentDefault:SecureJarResource(rhino)]
[041月2026 00:11:14.102] [main/DEBUG] [mixin/]: Registering mixin config: rhino-common.mixins.json
[041月2026 00:11:14.103] [main/DEBUG] [mixin/]: Adding mixin platform agents for container SecureJarResource(moonlight)
[041月2026 00:11:14.103] [main/DEBUG] [mixin/]: Instancing new MixinPlatformAgentMinecraftForge for SecureJarResource(moonlight)
[041月2026 00:11:14.103] [main/DEBUG] [mixin/]: MixinPlatformAgentMinecraftForge rejected container SecureJarResource(moonlight)
[041月2026 00:11:14.103] [main/DEBUG] [mixin/]: Instancing new MixinPlatformAgentDefault for SecureJarResource(moonlight)
[041月2026 00:11:14.103] [main/DEBUG] [mixin/]: MixinPlatformAgentDefault accepted container SecureJarResource(moonlight)
[041月2026 00:11:14.103] [main/DEBUG] [mixin/]: Processing prepare() for PlatformAgent[MixinPlatformAgentDefault:SecureJarResource(moonlight)]
[041月2026 00:11:14.103] [main/DEBUG] [mixin/]: Registering mixin config: moonlight-common.mixins.json
[041月2026 00:11:14.105] [main/DEBUG] [mixin/]: Registering mixin config: moonlight.mixins.json
[041月2026 00:11:14.107] [main/DEBUG] [mixin/]: Adding mixin platform agents for container SecureJarResource(ars_extensions)
[041月2026 00:11:14.108] [main/DEBUG] [mixin/]: Instancing new MixinPlatformAgentMinecraftForge for SecureJarResource(ars_extensions)
[041月2026 00:11:14.108] [main/DEBUG] [mixin/]: MixinPlatformAgentMinecraftForge rejected container SecureJarResource(ars_extensions)
[041月2026 00:11:14.108] [main/DEBUG] [mixin/]: Instancing new MixinPlatformAgentDefault for SecureJarResource(ars_extensions)
[041月2026 00:11:14.108] [main/DEBUG] [mixin/]: MixinPlatformAgentDefault accepted container SecureJarResource(ars_extensions)
[041月2026 00:11:14.108] [main/DEBUG] [mixin/]: Processing prepare() for PlatformAgent[MixinPlatformAgentDefault:SecureJarResource(ars_extensions)]
[041月2026 00:11:14.108] [main/DEBUG] [mixin/]: Adding mixin platform agents for container SecureJarResource(jade)
[041月2026 00:11:14.108] [main/DEBUG] [mixin/]: Instancing new MixinPlatformAgentMinecraftForge for SecureJarResource(jade)
[041月2026 00:11:14.108] [main/DEBUG] [mixin/]: MixinPlatformAgentMinecraftForge rejected container SecureJarResource(jade)
[041月2026 00:11:14.109] [main/DEBUG] [mixin/]: Instancing new MixinPlatformAgentDefault for SecureJarResource(jade)
[041月2026 00:11:14.109] [main/DEBUG] [mixin/]: MixinPlatformAgentDefault accepted container SecureJarResource(jade)
[041月2026 00:11:14.109] [main/DEBUG] [mixin/]: Processing prepare() for PlatformAgent[MixinPlatformAgentDefault:SecureJarResource(jade)]
[041月2026 00:11:14.109] [main/DEBUG] [mixin/]: Registering mixin config: jade.mixins.json
[041月2026 00:11:14.111] [main/DEBUG] [mixin/]: Compatibility level JAVA_16 specified by jade.mixins.json is higher than the maximum level supported by this version of mixin (JAVA_13).
[041月2026 00:11:14.112] [main/DEBUG] [mixin/]: Adding mixin platform agents for container SecureJarResource(geckolib)
[041月2026 00:11:14.112] [main/DEBUG] [mixin/]: Instancing new MixinPlatformAgentMinecraftForge for SecureJarResource(geckolib)
[041月2026 00:11:14.112] [main/DEBUG] [mixin/]: MixinPlatformAgentMinecraftForge rejected container SecureJarResource(geckolib)
[041月2026 00:11:14.112] [main/DEBUG] [mixin/]: Instancing new MixinPlatformAgentDefault for SecureJarResource(geckolib)
[041月2026 00:11:14.112] [main/DEBUG] [mixin/]: MixinPlatformAgentDefault accepted container SecureJarResource(geckolib)
[041月2026 00:11:14.112] [main/DEBUG] [mixin/]: Processing prepare() for PlatformAgent[MixinPlatformAgentDefault:SecureJarResource(geckolib)]
[041月2026 00:11:14.112] [main/DEBUG] [mixin/]: Registering mixin config: geckolib.mixins.json
[041月2026 00:11:14.115] [main/DEBUG] [mixin/]: Adding mixin platform agents for container SecureJarResource(architectury)
[041月2026 00:11:14.115] [main/DEBUG] [mixin/]: Instancing new MixinPlatformAgentMinecraftForge for SecureJarResource(architectury)
[041月2026 00:11:14.116] [main/DEBUG] [mixin/]: MixinPlatformAgentMinecraftForge rejected container SecureJarResource(architectury)
[041月2026 00:11:14.116] [main/DEBUG] [mixin/]: Instancing new MixinPlatformAgentDefault for SecureJarResource(architectury)
[041月2026 00:11:14.116] [main/DEBUG] [mixin/]: MixinPlatformAgentDefault accepted container SecureJarResource(architectury)
[041月2026 00:11:14.116] [main/DEBUG] [mixin/]: Processing prepare() for PlatformAgent[MixinPlatformAgentDefault:SecureJarResource(architectury)]
[041月2026 00:11:14.116] [main/DEBUG] [mixin/]: Registering mixin config: architectury.mixins.json
[041月2026 00:11:14.118] [main/DEBUG] [mixin/]: Compatibility level JAVA_16 specified by architectury.mixins.json is higher than the maximum level supported by this version of mixin (JAVA_13).
[041月2026 00:11:14.119] [main/DEBUG] [mixin/]: Registering mixin config: architectury-common.mixins.json
[041月2026 00:11:14.121] [main/DEBUG] [mixin/]: Compatibility level JAVA_16 specified by architectury-common.mixins.json is higher than the maximum level supported by this version of mixin (JAVA_13).
[041月2026 00:11:14.121] [main/DEBUG] [mixin/]: Adding mixin platform agents for container SecureJarResource(playeranimator)
[041月2026 00:11:14.122] [main/DEBUG] [mixin/]: Instancing new MixinPlatformAgentMinecraftForge for SecureJarResource(playeranimator)
[041月2026 00:11:14.122] [main/DEBUG] [mixin/]: MixinPlatformAgentMinecraftForge rejected container SecureJarResource(playeranimator)
[041月2026 00:11:14.122] [main/DEBUG] [mixin/]: Instancing new MixinPlatformAgentDefault for SecureJarResource(playeranimator)
[041月2026 00:11:14.122] [main/DEBUG] [mixin/]: MixinPlatformAgentDefault accepted container SecureJarResource(playeranimator)
[041月2026 00:11:14.122] [main/DEBUG] [mixin/]: Processing prepare() for PlatformAgent[MixinPlatformAgentDefault:SecureJarResource(playeranimator)]
[041月2026 00:11:14.122] [main/DEBUG] [mixin/]: Registering mixin config: playerAnimator-common.mixins.json
[041月2026 00:11:14.124] [main/DEBUG] [mixin/]: Compatibility level JAVA_16 specified by playerAnimator-common.mixins.json is higher than the maximum level supported by this version of mixin (JAVA_13).
[041月2026 00:11:14.124] [main/DEBUG] [mixin/]: Adding mixin platform agents for container SecureJarResource(irons_spellbooks)
[041月2026 00:11:14.124] [main/DEBUG] [mixin/]: Instancing new MixinPlatformAgentMinecraftForge for SecureJarResource(irons_spellbooks)
[041月2026 00:11:14.124] [main/DEBUG] [mixin/]: MixinPlatformAgentMinecraftForge rejected container SecureJarResource(irons_spellbooks)
[041月2026 00:11:14.124] [main/DEBUG] [mixin/]: Instancing new MixinPlatformAgentDefault for SecureJarResource(irons_spellbooks)
[041月2026 00:11:14.125] [main/DEBUG] [mixin/]: MixinPlatformAgentDefault accepted container SecureJarResource(irons_spellbooks)
[041月2026 00:11:14.125] [main/DEBUG] [mixin/]: Processing prepare() for PlatformAgent[MixinPlatformAgentDefault:SecureJarResource(irons_spellbooks)]
[041月2026 00:11:14.125] [main/DEBUG] [mixin/]: Registering mixin config: mixins.irons_spellbooks.json
[041月2026 00:11:14.126] [main/DEBUG] [mixin/]: Adding mixin platform agents for container SecureJarResource(jei)
[041月2026 00:11:14.126] [main/DEBUG] [mixin/]: Instancing new MixinPlatformAgentMinecraftForge for SecureJarResource(jei)
[041月2026 00:11:14.126] [main/DEBUG] [mixin/]: MixinPlatformAgentMinecraftForge rejected container SecureJarResource(jei)
[041月2026 00:11:14.127] [main/DEBUG] [mixin/]: Instancing new MixinPlatformAgentDefault for SecureJarResource(jei)
[041月2026 00:11:14.127] [main/DEBUG] [mixin/]: MixinPlatformAgentDefault accepted container SecureJarResource(jei)
[041月2026 00:11:14.127] [main/DEBUG] [mixin/]: Processing prepare() for PlatformAgent[MixinPlatformAgentDefault:SecureJarResource(jei)]
[041月2026 00:11:14.127] [main/DEBUG] [mixin/]: Adding mixin platform agents for container SecureJarResource(kubejs)
[041月2026 00:11:14.127] [main/DEBUG] [mixin/]: Instancing new MixinPlatformAgentMinecraftForge for SecureJarResource(kubejs)
[041月2026 00:11:14.128] [main/DEBUG] [mixin/]: MixinPlatformAgentMinecraftForge rejected container SecureJarResource(kubejs)
[041月2026 00:11:14.129] [main/DEBUG] [mixin/]: Instancing new MixinPlatformAgentDefault for SecureJarResource(kubejs)
[041月2026 00:11:14.129] [main/DEBUG] [mixin/]: MixinPlatformAgentDefault accepted container SecureJarResource(kubejs)
[041月2026 00:11:14.129] [main/DEBUG] [mixin/]: Processing prepare() for PlatformAgent[MixinPlatformAgentDefault:SecureJarResource(kubejs)]
[041月2026 00:11:14.129] [main/DEBUG] [mixin/]: Registering mixin config: kubejs-forge.mixins.json
[041月2026 00:11:14.131] [main/DEBUG] [mixin/]: Registering mixin config: kubejs-common.mixins.json
[041月2026 00:11:14.132] [main/DEBUG] [mixin/]: Adding mixin platform agents for container SecureJarResource(caelus)
[041月2026 00:11:14.133] [main/DEBUG] [mixin/]: Instancing new MixinPlatformAgentMinecraftForge for SecureJarResource(caelus)
[041月2026 00:11:14.133] [main/DEBUG] [mixin/]: MixinPlatformAgentMinecraftForge rejected container SecureJarResource(caelus)
[041月2026 00:11:14.133] [main/DEBUG] [mixin/]: Instancing new MixinPlatformAgentDefault for SecureJarResource(caelus)
[041月2026 00:11:14.134] [main/DEBUG] [mixin/]: MixinPlatformAgentDefault accepted container SecureJarResource(caelus)
[041月2026 00:11:14.134] [main/DEBUG] [mixin/]: Processing prepare() for PlatformAgent[MixinPlatformAgentDefault:SecureJarResource(caelus)]
[041月2026 00:11:14.134] [main/DEBUG] [mixin/]: Registering mixin config: caelus.mixins.json
[041月2026 00:11:14.135] [main/DEBUG] [mixin/]: Adding mixin platform agents for container SecureJarResource(forge)
[041月2026 00:11:14.135] [main/DEBUG] [mixin/]: Instancing new MixinPlatformAgentMinecraftForge for SecureJarResource(forge)
[041月2026 00:11:14.135] [main/DEBUG] [mixin/]: MixinPlatformAgentMinecraftForge rejected container SecureJarResource(forge)
[041月2026 00:11:14.135] [main/DEBUG] [mixin/]: Instancing new MixinPlatformAgentDefault for SecureJarResource(forge)
[041月2026 00:11:14.136] [main/DEBUG] [mixin/]: MixinPlatformAgentDefault accepted container SecureJarResource(forge)
[041月2026 00:11:14.136] [main/DEBUG] [mixin/]: Processing prepare() for PlatformAgent[MixinPlatformAgentDefault:SecureJarResource(forge)]
[041月2026 00:11:14.136] [main/DEBUG] [mixin/]: Adding mixin platform agents for container SecureJarResource(dummmmmmy)
[041月2026 00:11:14.136] [main/DEBUG] [mixin/]: Instancing new MixinPlatformAgentMinecraftForge for SecureJarResource(dummmmmmy)
[041月2026 00:11:14.136] [main/DEBUG] [mixin/]: MixinPlatformAgentMinecraftForge rejected container SecureJarResource(dummmmmmy)
[041月2026 00:11:14.136] [main/DEBUG] [mixin/]: Instancing new MixinPlatformAgentDefault for SecureJarResource(dummmmmmy)
[041月2026 00:11:14.136] [main/DEBUG] [mixin/]: MixinPlatformAgentDefault accepted container SecureJarResource(dummmmmmy)
[041月2026 00:11:14.136] [main/DEBUG] [mixin/]: Processing prepare() for PlatformAgent[MixinPlatformAgentDefault:SecureJarResource(dummmmmmy)]
[041月2026 00:11:14.136] [main/DEBUG] [mixin/]: Registering mixin config: dummmmmmy-common.mixins.json
[041月2026 00:11:14.137] [main/DEBUG] [mixin/]: Registering mixin config: dummmmmmy.mixins.json
[041月2026 00:11:14.139] [main/DEBUG] [mixin/]: Compatibility level JAVA_16 specified by dummmmmmy.mixins.json is higher than the maximum level supported by this version of mixin (JAVA_13).
[041月2026 00:11:14.139] [main/DEBUG] [mixin/]: Adding mixin platform agents for container SecureJarResource(curios)
[041月2026 00:11:14.139] [main/DEBUG] [mixin/]: Instancing new MixinPlatformAgentMinecraftForge for SecureJarResource(curios)
[041月2026 00:11:14.139] [main/DEBUG] [mixin/]: MixinPlatformAgentMinecraftForge rejected container SecureJarResource(curios)
[041月2026 00:11:14.139] [main/DEBUG] [mixin/]: Instancing new MixinPlatformAgentDefault for SecureJarResource(curios)
[041月2026 00:11:14.140] [main/DEBUG] [mixin/]: MixinPlatformAgentDefault accepted container SecureJarResource(curios)
[041月2026 00:11:14.140] [main/DEBUG] [mixin/]: Processing prepare() for PlatformAgent[MixinPlatformAgentDefault:SecureJarResource(curios)]
[041月2026 00:11:14.140] [main/DEBUG] [mixin/]: Registering mixin config: curios.mixins.json
[041月2026 00:11:14.141] [main/DEBUG] [mixin/]: Adding mixin platform agents for container SecureJarResource(ars_nouveau)
[041月2026 00:11:14.141] [main/DEBUG] [mixin/]: Instancing new MixinPlatformAgentMinecraftForge for SecureJarResource(ars_nouveau)
[041月2026 00:11:14.141] [main/DEBUG] [mixin/]: MixinPlatformAgentMinecraftForge rejected container SecureJarResource(ars_nouveau)
[041月2026 00:11:14.141] [main/DEBUG] [mixin/]: Instancing new MixinPlatformAgentDefault for SecureJarResource(ars_nouveau)
[041月2026 00:11:14.141] [main/DEBUG] [mixin/]: MixinPlatformAgentDefault accepted container SecureJarResource(ars_nouveau)
[041月2026 00:11:14.141] [main/DEBUG] [mixin/]: Processing prepare() for PlatformAgent[MixinPlatformAgentDefault:SecureJarResource(ars_nouveau)]
[041月2026 00:11:14.141] [main/DEBUG] [mixin/]: Registering mixin config: ars_nouveau.mixins.json
[041月2026 00:11:14.142] [main/DEBUG] [mixin/]: Adding mixin platform agents for container SecureJarResource(patchouli)
[041月2026 00:11:14.143] [main/DEBUG] [mixin/]: Instancing new MixinPlatformAgentMinecraftForge for SecureJarResource(patchouli)
[041月2026 00:11:14.143] [main/DEBUG] [mixin/]: MixinPlatformAgentMinecraftForge rejected container SecureJarResource(patchouli)
[041月2026 00:11:14.143] [main/DEBUG] [mixin/]: Instancing new MixinPlatformAgentDefault for SecureJarResource(patchouli)
[041月2026 00:11:14.143] [main/DEBUG] [mixin/]: MixinPlatformAgentDefault accepted container SecureJarResource(patchouli)
[041月2026 00:11:14.143] [main/DEBUG] [mixin/]: Processing prepare() for PlatformAgent[MixinPlatformAgentDefault:SecureJarResource(patchouli)]
[041月2026 00:11:14.143] [main/DEBUG] [mixin/]: Registering mixin config: patchouli_xplat.mixins.json
[041月2026 00:11:14.145] [main/DEBUG] [mixin/]: Adding mixin platform agents for container SecureJarResource(citadel)
[041月2026 00:11:14.146] [main/DEBUG] [mixin/]: Instancing new MixinPlatformAgentMinecraftForge for SecureJarResource(citadel)
[041月2026 00:11:14.146] [main/DEBUG] [mixin/]: MixinPlatformAgentMinecraftForge rejected container SecureJarResource(citadel)
[041月2026 00:11:14.146] [main/DEBUG] [mixin/]: Instancing new MixinPlatformAgentDefault for SecureJarResource(citadel)
[041月2026 00:11:14.146] [main/DEBUG] [mixin/]: MixinPlatformAgentDefault accepted container SecureJarResource(citadel)
[041月2026 00:11:14.146] [main/DEBUG] [mixin/]: Processing prepare() for PlatformAgent[MixinPlatformAgentDefault:SecureJarResource(citadel)]
[041月2026 00:11:14.146] [main/DEBUG] [mixin/]: Registering mixin config: citadel.mixins.json
[041月2026 00:11:14.148] [main/DEBUG] [mixin/]: Adding mixin platform agents for container SecureJarResource(placebo)
[041月2026 00:11:14.148] [main/DEBUG] [mixin/]: Instancing new MixinPlatformAgentMinecraftForge for SecureJarResource(placebo)
[041月2026 00:11:14.149] [main/DEBUG] [mixin/]: MixinPlatformAgentMinecraftForge rejected container SecureJarResource(placebo)
[041月2026 00:11:14.149] [main/DEBUG] [mixin/]: Instancing new MixinPlatformAgentDefault for SecureJarResource(placebo)
[041月2026 00:11:14.149] [main/DEBUG] [mixin/]: MixinPlatformAgentDefault accepted container SecureJarResource(placebo)
[041月2026 00:11:14.149] [main/DEBUG] [mixin/]: Processing prepare() for PlatformAgent[MixinPlatformAgentDefault:SecureJarResource(placebo)]
[041月2026 00:11:14.149] [main/DEBUG] [mixin/]: Registering mixin config: placebo.mixins.json
[041月2026 00:11:14.150] [main/DEBUG] [mixin/]: Adding mixin platform agents for container SecureJarResource(mclib)
[041月2026 00:11:14.150] [main/DEBUG] [mixin/]: Instancing new MixinPlatformAgentMinecraftForge for SecureJarResource(mclib)
[041月2026 00:11:14.150] [main/DEBUG] [mixin/]: MixinPlatformAgentMinecraftForge rejected container SecureJarResource(mclib)
[041月2026 00:11:14.150] [main/DEBUG] [mixin/]: Instancing new MixinPlatformAgentDefault for SecureJarResource(mclib)
[041月2026 00:11:14.151] [main/DEBUG] [mixin/]: MixinPlatformAgentDefault accepted container SecureJarResource(mclib)
[041月2026 00:11:14.151] [main/DEBUG] [mixin/]: Processing prepare() for PlatformAgent[MixinPlatformAgentDefault:SecureJarResource(mclib)]
[041月2026 00:11:14.151] [main/DEBUG] [mixin/]: Adding mixin platform agents for container SecureJarResource(MixinExtras)
[041月2026 00:11:14.151] [main/DEBUG] [mixin/]: Instancing new MixinPlatformAgentMinecraftForge for SecureJarResource(MixinExtras)
[041月2026 00:11:14.151] [main/DEBUG] [mixin/]: MixinPlatformAgentMinecraftForge rejected container SecureJarResource(MixinExtras)
[041月2026 00:11:14.151] [main/DEBUG] [mixin/]: Instancing new MixinPlatformAgentDefault for SecureJarResource(MixinExtras)
[041月2026 00:11:14.151] [main/DEBUG] [mixin/]: MixinPlatformAgentDefault accepted container SecureJarResource(MixinExtras)
[041月2026 00:11:14.151] [main/DEBUG] [mixin/]: Processing prepare() for PlatformAgent[MixinPlatformAgentDefault:SecureJarResource(MixinExtras)]
[041月2026 00:11:14.151] [main/DEBUG] [mixin/]: inject() running with 25 agents
[041月2026 00:11:14.151] [main/DEBUG] [mixin/]: Processing inject() for PlatformAgent[MixinPlatformAgentDefault:ModLauncher Root Container(ModLauncher:4f56a0a2)]
[041月2026 00:11:14.151] [main/DEBUG] [mixin/]: Processing inject() for PlatformAgent[MixinPlatformAgentDefault:SecureJarResource(attributeslib)]
[041月2026 00:11:14.151] [main/DEBUG] [mixin/]: Processing inject() for PlatformAgent[MixinPlatformAgentDefault:SecureJarResource(minecraft)]
[041月2026 00:11:14.152] [main/DEBUG] [mixin/]: Processing inject() for PlatformAgent[MixinPlatformAgentDefault:SecureJarResource(mixinextras)]
[041月2026 00:11:14.152] [main/DEBUG] [mixin/]: Processing inject() for PlatformAgent[MixinPlatformAgentDefault:SecureJarResource(confluence)]
[041月2026 00:11:14.152] [main/DEBUG] [mixin/]: Processing inject() for PlatformAgent[MixinPlatformAgentDefault:SecureJarResource(rhino)]
[041月2026 00:11:14.152] [main/DEBUG] [mixin/]: Processing inject() for PlatformAgent[MixinPlatformAgentDefault:SecureJarResource(moonlight)]
[041月2026 00:11:14.152] [main/DEBUG] [mixin/]: Processing inject() for PlatformAgent[MixinPlatformAgentDefault:SecureJarResource(ars_extensions)]
[041月2026 00:11:14.152] [main/DEBUG] [mixin/]: Processing inject() for PlatformAgent[MixinPlatformAgentDefault:SecureJarResource(jade)]
[041月2026 00:11:14.152] [main/DEBUG] [mixin/]: Processing inject() for PlatformAgent[MixinPlatformAgentDefault:SecureJarResource(geckolib)]
[041月2026 00:11:14.152] [main/DEBUG] [mixin/]: Processing inject() for PlatformAgent[MixinPlatformAgentDefault:SecureJarResource(architectury)]
[041月2026 00:11:14.152] [main/DEBUG] [mixin/]: Processing inject() for PlatformAgent[MixinPlatformAgentDefault:SecureJarResource(playeranimator)]
[041月2026 00:11:14.152] [main/DEBUG] [mixin/]: Processing inject() for PlatformAgent[MixinPlatformAgentDefault:SecureJarResource(irons_spellbooks)]
[041月2026 00:11:14.152] [main/DEBUG] [mixin/]: Processing inject() for PlatformAgent[MixinPlatformAgentDefault:SecureJarResource(jei)]
[041月2026 00:11:14.152] [main/DEBUG] [mixin/]: Processing inject() for PlatformAgent[MixinPlatformAgentDefault:SecureJarResource(kubejs)]
[041月2026 00:11:14.152] [main/DEBUG] [mixin/]: Processing inject() for PlatformAgent[MixinPlatformAgentDefault:SecureJarResource(caelus)]
[041月2026 00:11:14.152] [main/DEBUG] [mixin/]: Processing inject() for PlatformAgent[MixinPlatformAgentDefault:SecureJarResource(forge)]
[041月2026 00:11:14.152] [main/DEBUG] [mixin/]: Processing inject() for PlatformAgent[MixinPlatformAgentDefault:SecureJarResource(dummmmmmy)]
[041月2026 00:11:14.152] [main/DEBUG] [mixin/]: Processing inject() for PlatformAgent[MixinPlatformAgentDefault:SecureJarResource(curios)]
[041月2026 00:11:14.152] [main/DEBUG] [mixin/]: Processing inject() for PlatformAgent[MixinPlatformAgentDefault:SecureJarResource(ars_nouveau)]
[041月2026 00:11:14.152] [main/DEBUG] [mixin/]: Processing inject() for PlatformAgent[MixinPlatformAgentDefault:SecureJarResource(patchouli)]
[041月2026 00:11:14.152] [main/DEBUG] [mixin/]: Processing inject() for PlatformAgent[MixinPlatformAgentDefault:SecureJarResource(citadel)]
[041月2026 00:11:14.152] [main/DEBUG] [mixin/]: Processing inject() for PlatformAgent[MixinPlatformAgentDefault:SecureJarResource(placebo)]
[041月2026 00:11:14.152] [main/DEBUG] [mixin/]: Processing inject() for PlatformAgent[MixinPlatformAgentDefault:SecureJarResource(mclib)]
[041月2026 00:11:14.152] [main/DEBUG] [mixin/]: Processing inject() for PlatformAgent[MixinPlatformAgentDefault:SecureJarResource(MixinExtras)]
[041月2026 00:11:14.153] [main/INFO] [cpw.mods.modlauncher.LaunchServiceHandler/MODLAUNCHER]: Launching target 'forgedatauserdev' with arguments [--gameDir, ., --assetsDir, C:\Users\lenovo\.gradle\caches\forge_gradle\assets, --assetIndex, 5, --mod, ars_extensions, --all, --output, F:\ArsExtensions\src\generated\resources, --existing, F:\ArsExtensions\src\main\resources]
[041月2026 00:11:14.377] [main/DEBUG] [mixin/]: Error cleaning class output directory: .mixin.out
[041月2026 00:11:14.380] [main/DEBUG] [mixin/]: Preparing mixins for MixinEnvironment[DEFAULT]
[041月2026 00:11:14.381] [main/DEBUG] [mixin/]: Selecting config ars_extensions.mixins.json
[041月2026 00:11:14.389] [main/WARN] [mixin/]: Reference map 'ars_extensions.refmap.json' for ars_extensions.mixins.json could not be read. If this is a development environment you can ignore this message
[041月2026 00:11:14.393] [main/DEBUG] [mixin/]: Selecting config attributeslib.mixins.json
[041月2026 00:11:14.722] [main/INFO] [mixin/]: Remapping refMap attributeslib.refmap.json using F:\ArsExtensions\build\createSrgToMcp\output.srg
[041月2026 00:11:14.722] [main/DEBUG] [mixin/]: Selecting config mixinextras.init.mixins.json
[041月2026 00:11:14.789] [main/DEBUG] [MixinExtras|Service/]: com.llamalad7.mixinextras.service.MixinExtrasServiceImpl(version=0.3.6) is taking over from null
[041月2026 00:11:14.822] [main/DEBUG] [mixin/]: Registering new injector for @Inject with org.spongepowered.asm.mixin.injection.struct.CallbackInjectionInfo
[041月2026 00:11:14.824] [main/DEBUG] [mixin/]: Registering new injector for @ModifyArg with org.spongepowered.asm.mixin.injection.struct.ModifyArgInjectionInfo
[041月2026 00:11:14.825] [main/DEBUG] [mixin/]: Registering new injector for @ModifyArgs with org.spongepowered.asm.mixin.injection.struct.ModifyArgsInjectionInfo
[041月2026 00:11:14.826] [main/DEBUG] [mixin/]: Registering new injector for @Redirect with org.spongepowered.asm.mixin.injection.struct.RedirectInjectionInfo
[041月2026 00:11:14.827] [main/DEBUG] [mixin/]: Registering new injector for @ModifyVariable with org.spongepowered.asm.mixin.injection.struct.ModifyVariableInjectionInfo
[041月2026 00:11:14.829] [main/DEBUG] [mixin/]: Registering new injector for @ModifyConstant with org.spongepowered.asm.mixin.injection.struct.ModifyConstantInjectionInfo
[041月2026 00:11:14.852] [main/DEBUG] [mixin/]: Selecting config confluence.mixins.json
[041月2026 00:11:14.853] [main/INFO] [mixin/]: Remapping refMap confluence.refmap.json using F:\ArsExtensions\build\createSrgToMcp\output.srg
[041月2026 00:11:14.854] [main/DEBUG] [mixin/]: Selecting config rhino-common.mixins.json
[041月2026 00:11:14.855] [main/INFO] [mixin/]: Remapping refMap rhino-common-refmap.json using F:\ArsExtensions\build\createSrgToMcp\output.srg
[041月2026 00:11:14.855] [main/DEBUG] [mixin/]: Selecting config moonlight-common.mixins.json
[041月2026 00:11:14.864] [main/INFO] [mixin/]: Remapping refMap moonlight-common-refmap.json using F:\ArsExtensions\build\createSrgToMcp\output.srg
[041月2026 00:11:14.865] [main/DEBUG] [mixin/]: Selecting config moonlight.mixins.json
[041月2026 00:11:14.866] [main/INFO] [mixin/]: Remapping refMap moonlight-forge-refmap.json using F:\ArsExtensions\build\createSrgToMcp\output.srg
[041月2026 00:11:14.866] [main/DEBUG] [mixin/]: Selecting config jade.mixins.json
[041月2026 00:11:14.867] [main/INFO] [mixin/]: Remapping refMap jade.refmap.json using F:\ArsExtensions\build\createSrgToMcp\output.srg
[041月2026 00:11:14.867] [main/DEBUG] [mixin/]: Selecting config geckolib.mixins.json
[041月2026 00:11:14.868] [main/INFO] [mixin/]: Remapping refMap geckolib.refmap.json using F:\ArsExtensions\build\createSrgToMcp\output.srg
[041月2026 00:11:14.868] [main/DEBUG] [mixin/]: Selecting config architectury.mixins.json
[041月2026 00:11:14.873] [main/INFO] [mixin/]: Remapping refMap architectury-forge-refmap.json using F:\ArsExtensions\build\createSrgToMcp\output.srg
[041月2026 00:11:14.874] [main/DEBUG] [mixin/]: Selecting config architectury-common.mixins.json
[041月2026 00:11:14.875] [main/INFO] [mixin/]: Remapping refMap architectury-common-refmap.json using F:\ArsExtensions\build\createSrgToMcp\output.srg
[041月2026 00:11:14.875] [main/DEBUG] [mixin/]: Selecting config playerAnimator-common.mixins.json
[041月2026 00:11:14.879] [main/INFO] [mixin/]: Remapping refMap player-animation-lib-minecraft_common-refmap.json using F:\ArsExtensions\build\createSrgToMcp\output.srg
[041月2026 00:11:14.879] [main/DEBUG] [mixin/]: Selecting config mixins.irons_spellbooks.json
[041月2026 00:11:14.881] [main/INFO] [mixin/]: Remapping refMap irons_spellbooks.refmap.json using F:\ArsExtensions\build\createSrgToMcp\output.srg
[041月2026 00:11:14.882] [main/DEBUG] [mixin/]: Selecting config kubejs-forge.mixins.json
[041月2026 00:11:14.883] [main/INFO] [mixin/]: Remapping refMap kubejs-forge-refmap.json using F:\ArsExtensions\build\createSrgToMcp\output.srg
[041月2026 00:11:14.883] [main/DEBUG] [mixin/]: Selecting config kubejs-common.mixins.json
[041月2026 00:11:14.884] [main/INFO] [mixin/]: Remapping refMap kubejs-common-refmap.json using F:\ArsExtensions\build\createSrgToMcp\output.srg
[041月2026 00:11:14.884] [main/DEBUG] [mixin/]: Selecting config caelus.mixins.json
[041月2026 00:11:14.885] [main/INFO] [mixin/]: Remapping refMap caelus.refmap.json using F:\ArsExtensions\build\createSrgToMcp\output.srg
[041月2026 00:11:14.886] [main/DEBUG] [mixin/]: Selecting config dummmmmmy-common.mixins.json
[041月2026 00:11:14.887] [main/INFO] [mixin/]: Remapping refMap dummmmmmy-common-refmap.json using F:\ArsExtensions\build\createSrgToMcp\output.srg
[041月2026 00:11:14.887] [main/DEBUG] [mixin/]: Selecting config dummmmmmy.mixins.json
[041月2026 00:11:14.888] [main/DEBUG] [mixin/]: Selecting config curios.mixins.json
[041月2026 00:11:14.891] [main/INFO] [mixin/]: Remapping refMap curios.refmap.json using F:\ArsExtensions\build\createSrgToMcp\output.srg
[041月2026 00:11:14.891] [main/DEBUG] [mixin/]: Selecting config ars_nouveau.mixins.json
[041月2026 00:11:14.895] [main/INFO] [mixin/]: Remapping refMap ars_nouveau.refmap.json using F:\ArsExtensions\build\createSrgToMcp\output.srg
[041月2026 00:11:14.896] [main/DEBUG] [mixin/]: Selecting config patchouli_xplat.mixins.json
[041月2026 00:11:14.897] [main/INFO] [mixin/]: Remapping refMap patchouli.refmap.json using F:\ArsExtensions\build\createSrgToMcp\output.srg
[041月2026 00:11:14.897] [main/DEBUG] [mixin/]: Selecting config citadel.mixins.json
[041月2026 00:11:14.898] [main/INFO] [mixin/]: Remapping refMap citadel.refmap.json using F:\ArsExtensions\build\createSrgToMcp\output.srg
[041月2026 00:11:14.898] [main/DEBUG] [mixin/]: Selecting config placebo.mixins.json
[041月2026 00:11:14.899] [main/INFO] [mixin/]: Remapping refMap placebo.refmap.json using F:\ArsExtensions\build\createSrgToMcp\output.srg
[041月2026 00:11:14.899] [main/DEBUG] [mixin/]: Preparing ars_extensions.mixins.json (0)
[041月2026 00:11:14.902] [main/DEBUG] [mixin/]: Preparing attributeslib.mixins.json (17)
[041月2026 00:11:15.001] [main/DEBUG] [net.minecraftforge.coremod.transformer.CoreModBaseTransformer/COREMOD]: Transforming net/minecraft/world/item/ItemStack
[041月2026 00:11:15.021] [main/DEBUG] [net.minecraftforge.coremod.transformer.CoreModBaseTransformer/COREMOD]: Transforming getEnchantmentLevel with desc (Lnet/minecraft/world/item/enchantment/Enchantment;)I
[041月2026 00:11:15.042] [main/INFO] [net.minecraftforge.coremod.CoreMod.placebo/COREMODLOG]: Patching IForgeItemStack#getEnchantmentLevel
[041月2026 00:11:15.092] [main/DEBUG] [net.minecraftforge.coremod.transformer.CoreModBaseTransformer/COREMOD]: Transforming getAllEnchantments with desc ()Ljava/util/Map;
[041月2026 00:11:15.101] [main/INFO] [net.minecraftforge.coremod.CoreMod.placebo/COREMODLOG]: Patching IForgeItemStack#getEnchantmentLevel
[041月2026 00:11:15.193] [main/DEBUG] [mixin/]: Preparing mixinextras.init.mixins.json (0)
[041月2026 00:11:15.193] [main/DEBUG] [mixin/]: Preparing confluence.mixins.json (20)
[041月2026 00:11:15.272] [main/WARN] [mixin/]: Error loading class: com/oblivioussp/spartanweaponry/item/HeavyCrossbowItem (java.lang.ClassNotFoundException: com.oblivioussp.spartanweaponry.item.HeavyCrossbowItem)
[041月2026 00:11:15.272] [main/DEBUG] [mixin/]: Skipping virtual target com.oblivioussp.spartanweaponry.item.HeavyCrossbowItem for confluence.mixins.json:spartanweaponry.HeavyCrossbowItemMixin
[041月2026 00:11:15.274] [main/WARN] [mixin/]: Error loading class: com/oblivioussp/spartanweaponry/item/LongbowItem (java.lang.ClassNotFoundException: com.oblivioussp.spartanweaponry.item.LongbowItem)
[041月2026 00:11:15.275] [main/DEBUG] [mixin/]: Skipping virtual target com.oblivioussp.spartanweaponry.item.LongbowItem for confluence.mixins.json:spartanweaponry.LongBowItemMixin
[041月2026 00:11:15.277] [main/WARN] [mixin/]: Error loading class: se/mickelus/tetra/items/modular/impl/bow/ModularBowItem (java.lang.ClassNotFoundException: se.mickelus.tetra.items.modular.impl.bow.ModularBowItem)
[041月2026 00:11:15.278] [main/DEBUG] [mixin/]: Skipping virtual target se.mickelus.tetra.items.modular.impl.bow.ModularBowItem for confluence.mixins.json:tetra.ModularBowItemMixin
[041月2026 00:11:15.318] [main/DEBUG] [mixin/]: Preparing rhino-common.mixins.json (8)
[041月2026 00:11:15.340] [main/DEBUG] [mixin/]: Preparing moonlight-common.mixins.json (36)
[041月2026 00:11:15.481] [main/DEBUG] [net.minecraftforge.coremod.transformer.CoreModBaseTransformer/COREMOD]: Transforming net/minecraft/world/entity/npc/Villager
[041月2026 00:11:15.769] [main/DEBUG] [mixin/]: Preparing moonlight.mixins.json (12)
[041月2026 00:11:15.790] [main/DEBUG] [mixin/]: Preparing jade.mixins.json (2)
[041月2026 00:11:15.793] [main/DEBUG] [mixin/]: Preparing geckolib.mixins.json (1)
[041月2026 00:11:15.796] [main/DEBUG] [mixin/]: Preparing architectury.mixins.json (9)
[041月2026 00:11:15.819] [main/DEBUG] [mixin/]: Preparing architectury-common.mixins.json (10)
[041月2026 00:11:15.833] [main/DEBUG] [net.minecraftforge.coremod.transformer.CoreModBaseTransformer/COREMOD]: Transforming net/minecraft/world/item/BucketItem
[041月2026 00:11:15.843] [main/DEBUG] [net.minecraftforge.coremod.transformer.CoreModBaseTransformer/COREMOD]: Transforming net/minecraft/world/entity/EntityType
[041月2026 00:11:15.907] [main/DEBUG] [net.minecraftforge.coremod.transformer.CoreModBaseTransformer/COREMOD]: Transforming net/minecraft/world/level/block/LiquidBlock
[041月2026 00:11:15.914] [main/DEBUG] [mixin/]: Preparing playerAnimator-common.mixins.json (14)
[041月2026 00:11:15.966] [main/DEBUG] [mixin/]: Preparing mixins.irons_spellbooks.json (20)
[041月2026 00:11:15.999] [main/DEBUG] [mixin/]: Preparing kubejs-forge.mixins.json (7)
[041月2026 00:11:16.007] [main/DEBUG] [mixin/]: Preparing kubejs-common.mixins.json (55)
[041月2026 00:11:16.053] [main/DEBUG] [mixin/]: @Mixin target net/minecraft/world/item/crafting/Ingredient$TagValue is public in kubejs-common.mixins.json:IngredientTagValueMixin and should be specified in value
[041月2026 00:11:16.132] [main/WARN] [mixin/]: Error loading class: mezz/modnametooltip/TooltipEventHandler (java.lang.ClassNotFoundException: mezz.modnametooltip.TooltipEventHandler)
[041月2026 00:11:16.133] [main/DEBUG] [mixin/]: Skipping virtual target mezz/modnametooltip/TooltipEventHandler for kubejs-common.mixins.json:mod.ModNameTooltipMixin
[041月2026 00:11:16.135] [main/WARN] [mixin/]: Error loading class: me/shedaniel/rei/impl/client/ClientHelperImpl (java.lang.ClassNotFoundException: me.shedaniel.rei.impl.client.ClientHelperImpl)
[041月2026 00:11:16.135] [main/DEBUG] [mixin/]: Skipping virtual target me/shedaniel/rei/impl/client/ClientHelperImpl for kubejs-common.mixins.json:mod.REITooltipMixin
[041月2026 00:11:16.135] [main/DEBUG] [mixin/]: Preparing caelus.mixins.json (4)
[041月2026 00:11:16.138] [main/DEBUG] [mixin/]: Preparing dummmmmmy-common.mixins.json (5)
[041月2026 00:11:16.141] [main/DEBUG] [mixin/]: Preparing dummmmmmy.mixins.json (0)
[041月2026 00:11:16.141] [main/DEBUG] [mixin/]: Preparing curios.mixins.json (13)
[041月2026 00:11:16.166] [main/DEBUG] [mixin/]: Preparing ars_nouveau.mixins.json (31)
[041月2026 00:11:16.192] [main/DEBUG] [net.minecraftforge.coremod.transformer.CoreModBaseTransformer/COREMOD]: Transforming net/minecraft/world/level/levelgen/structure/templatesystem/StructureTemplate
[041月2026 00:11:16.301] [main/DEBUG] [mixin/]: Preparing patchouli_xplat.mixins.json (10)
[041月2026 00:11:16.314] [main/DEBUG] [mixin/]: Preparing citadel.mixins.json (16)
[041月2026 00:11:16.335] [main/DEBUG] [mixin/]: Preparing placebo.mixins.json (6)
[041月2026 00:11:16.382] [main/DEBUG] [mixin/]: Inner class net/mehvahdjukaar/moonlight/core/mixins/forge/ItemMixin$1 in net/mehvahdjukaar/moonlight/core/mixins/forge/ItemMixin on net/minecraft/world/item/Item gets unique name net/minecraft/world/item/Item$Anonymous$a33ca4a8cdde49da9067461f12ea0a98
[041月2026 00:11:16.397] [main/DEBUG] [mixin/]: Inner class dev/latvian/mods/kubejs/core/mixin/common/GameRulesMixin$1 in dev/latvian/mods/kubejs/core/mixin/common/GameRulesMixin on net/minecraft/world/level/GameRules gets unique name net/minecraft/world/level/GameRules$Anonymous$995e2a314bde4fe68cd9f897ea1a9506
[041月2026 00:11:16.432] [main/DEBUG] [mixin/]: Prepared 289 mixins in 2.051 sec (7.1ms avg) (0ms load, 0ms transform, 0ms plugin)
[041月2026 00:11:16.571] [main/DEBUG] [io.netty.util.internal.logging.InternalLoggerFactory/]: Using SLF4J as the default logging framework
[041月2026 00:11:16.573] [main/DEBUG] [io.netty.util.ResourceLeakDetector/]: -Dio.netty.leakDetection.level: simple
[041月2026 00:11:16.574] [main/DEBUG] [io.netty.util.ResourceLeakDetector/]: -Dio.netty.leakDetection.targetRecords: 4
[041月2026 00:11:16.588] [main/INFO] [MixinExtras|Service/]: Initializing MixinExtras via com.llamalad7.mixinextras.service.MixinExtrasServiceImpl(version=0.3.6).
[041月2026 00:11:16.589] [main/DEBUG] [mixin/]: Registering new injector for @SugarWrapper with com.llamalad7.mixinextras.sugar.impl.SugarWrapperInjectionInfo
[041月2026 00:11:16.590] [main/DEBUG] [mixin/]: Registering new injector for @FactoryRedirectWrapper with com.llamalad7.mixinextras.wrapper.factory.FactoryRedirectWrapperInjectionInfo
[041月2026 00:11:16.596] [main/DEBUG] [mixin/]: Mixing components.MutableComponentMixin from kubejs-common.mixins.json into net.minecraft.network.chat.MutableComponent
[041月2026 00:11:16.633] [main/DEBUG] [mixin/]: Mixing TextColorMixin from rhino-common.mixins.json into net.minecraft.network.chat.TextColor
[041月2026 00:11:16.673] [main/DEBUG] [mixin/]: Mixing ChatFormattingMixin from rhino-common.mixins.json into net.minecraft.ChatFormatting
[041月2026 00:11:16.777] [main/DEBUG] [mixin/]: Mixing ResourceLocationMixin from rhino-common.mixins.json into net.minecraft.resources.ResourceLocation
[041月2026 00:11:16.808] [main/INFO] [net.minecraftforge.data.loading.DatagenModLoader/]: Initializing Data Gatherer for mods [ars_extensions]
[041月2026 00:11:16.828] [main/DEBUG] [mixin/]: Mixing ResourceKeyMixin from rhino-common.mixins.json into net.minecraft.resources.ResourceKey
[041月2026 00:11:16.867] [main/DEBUG] [mixin/]: Mixing UtilMixin from kubejs-common.mixins.json into net.minecraft.Util
[041月2026 00:11:16.968] [main/DEBUG] [mixin/]: Mixing inject.MixinGameEvent from architectury-common.mixins.json into net.minecraft.world.level.gameevent.GameEvent
[041月2026 00:11:17.000] [main/DEBUG] [mixin/]: Mixing inject.MixinBlock from architectury-common.mixins.json into net.minecraft.world.level.block.Block
[041月2026 00:11:17.000] [main/DEBUG] [mixin/]: Mixing BlockMixin from kubejs-common.mixins.json into net.minecraft.world.level.block.Block
[041月2026 00:11:17.021] [main/DEBUG] [mixin/]: Mixing BlockBehaviourMixin from kubejs-common.mixins.json into net.minecraft.world.level.block.state.BlockBehaviour
[041月2026 00:11:17.096] [main/DEBUG] [mixin/]: Mixing LevelMixin from kubejs-common.mixins.json into net.minecraft.world.level.Level
[041月2026 00:11:17.105] [main/DEBUG] [mixin/]: Mixing LevelMixin from citadel.mixins.json into net.minecraft.world.level.Level
[041月2026 00:11:17.163] [main/DEBUG] [mixin/]: Mixing ServerLevelMixin from moonlight-common.mixins.json into net.minecraft.server.level.ServerLevel
[041月2026 00:11:17.170] [main/DEBUG] [mixin/]: Mixing ServerLevelMixin from kubejs-common.mixins.json into net.minecraft.server.level.ServerLevel
[041月2026 00:11:17.175] [main/DEBUG] [mixin/]: Mixing ServerLevelMixin from citadel.mixins.json into net.minecraft.server.level.ServerLevel
[041月2026 00:11:17.275] [main/DEBUG] [mixin/]: Mixing BlockStateBaseMixin from kubejs-common.mixins.json into net.minecraft.world.level.block.state.BlockBehaviour$BlockStateBase
[041月2026 00:11:17.288] [main/DEBUG] [mixin/]: Mixing redstone.RedstoneLevelMixin from ars_nouveau.mixins.json into net.minecraft.world.level.block.state.BlockBehaviour$BlockStateBase
[041月2026 00:11:17.324] [main/DEBUG] [mixin/]: Mixing EntityMixin from attributeslib.mixins.json into net.minecraft.world.entity.Entity
[041月2026 00:11:17.330] [main/DEBUG] [mixin/]: Mixing EntityMixin from confluence.mixins.json into net.minecraft.world.entity.Entity
[041月2026 00:11:17.332] [main/DEBUG] [mixin/]: Renaming synthetic method lambda$resetLavaImmune$0(Ljava/util/concurrent/atomic/AtomicBoolean;Lorg/confluence/mod/capability/ability/PlayerAbility;)V to mdcdc069$lambda$resetLavaImmune$0$0 in confluence.mixins.json:EntityMixin
[041月2026 00:11:17.361] [main/DEBUG] [mixin/]: Mixing client.ClientEntityMixin from confluence.mixins.json into net.minecraft.world.entity.Entity
[041月2026 00:11:17.367] [main/DEBUG] [mixin/]: Mixing EntityMixin from mixins.irons_spellbooks.json into net.minecraft.world.entity.Entity
[041月2026 00:11:17.375] [main/DEBUG] [mixin/]: Mixing ClientEntityMixin from mixins.irons_spellbooks.json into net.minecraft.world.entity.Entity
[041月2026 00:11:17.379] [main/DEBUG] [mixin/]: Mixing EntityMixin from kubejs-forge.mixins.json into net.minecraft.world.entity.Entity
[041月2026 00:11:17.380] [main/DEBUG] [mixin/]: Mixing EntityMixin from kubejs-common.mixins.json into net.minecraft.world.entity.Entity
[041月2026 00:11:17.385] [main/DEBUG] [mixin/]: Mixing AccessorEntity from curios.mixins.json into net.minecraft.world.entity.Entity
[041月2026 00:11:17.390] [main/DEBUG] [mixin/]: Mixing EntityMixin from ars_nouveau.mixins.json into net.minecraft.world.entity.Entity
[041月2026 00:11:17.393] [main/DEBUG] [mixin/]: Mixing rewind.RewindEntityMixin from ars_nouveau.mixins.json into net.minecraft.world.entity.Entity
[041月2026 00:11:17.403] [main/DEBUG] [mixin/]: Mixing light.LightEntityMixin from ars_nouveau.mixins.json into net.minecraft.world.entity.Entity
[041月2026 00:11:17.623] [main/DEBUG] [mixin/]: Mixing IForgeEntityMixin from attributeslib.mixins.json into net.minecraftforge.common.extensions.IForgeEntity
[041月2026 00:11:17.641] [main/DEBUG] [mixin/]: Mixing LivingEntityMixin from attributeslib.mixins.json into net.minecraft.world.entity.LivingEntity
[041月2026 00:11:17.646] [main/DEBUG] [net.minecraftforge.coremod.transformer.CoreModBaseTransformer/COREMOD]: Transforming net/minecraft/world/effect/MobEffectInstance
[041月2026 00:11:17.652] [main/DEBUG] [mixin/]: Mixing LivingEntityAccessor from confluence.mixins.json into net.minecraft.world.entity.LivingEntity
[041月2026 00:11:17.656] [main/DEBUG] [mixin/]: Mixing LivingEntityMixin from confluence.mixins.json into net.minecraft.world.entity.LivingEntity
[041月2026 00:11:17.656] [main/DEBUG] [mixin/]: Renaming synthetic method lambda$standOnFluid$2(Lnet/minecraft/world/level/material/FluidState;Lorg/spongepowered/asm/mixin/injection/callback/CallbackInfoReturnable;Lorg/confluence/mod/capability/ability/PlayerAbility;)V to mdcdc069$lambda$standOnFluid$2$0 in confluence.mixins.json:LivingEntityMixin
[041月2026 00:11:17.658] [main/DEBUG] [mixin/]: Renaming synthetic method lambda$c$getInvulnerableTime$1(Ljava/util/concurrent/atomic/AtomicInteger;Lorg/confluence/mod/capability/ability/PlayerAbility;)V to mdcdc069$lambda$c$getInvulnerableTime$1$1 in confluence.mixins.json:LivingEntityMixin
[041月2026 00:11:17.658] [main/DEBUG] [mixin/]: Renaming synthetic method lambda$multiY$0(Lorg/spongepowered/asm/mixin/injection/callback/CallbackInfoReturnable;Lorg/confluence/mod/capability/ability/PlayerAbility;)V to mdcdc069$lambda$multiY$0$2 in confluence.mixins.json:LivingEntityMixin
[041月2026 00:11:17.671] [main/DEBUG] [mixin/]: Mixing client.ClientLivingEntityMixin from confluence.mixins.json into net.minecraft.world.entity.LivingEntity
[041月2026 00:11:17.676] [main/DEBUG] [mixin/]: Mixing LivingEntityMixin from mixins.irons_spellbooks.json into net.minecraft.world.entity.LivingEntity
[041月2026 00:11:17.677] [main/DEBUG] [mixin/]: Renaming synthetic method lambda$static$1(Lnet/minecraft/world/entity/ai/attributes/Attribute;)Z to mdcdc069$lambda$static$1$3 in mixins.irons_spellbooks.json:LivingEntityMixin
[041月2026 00:11:17.677] [main/DEBUG] [mixin/]: Renaming synthetic method lambda$static$0(Lnet/minecraft/world/entity/ai/attributes/Attribute;)Z to mdcdc069$lambda$static$0$4 in mixins.irons_spellbooks.json:LivingEntityMixin
[041月2026 00:11:17.682] [main/DEBUG] [net.minecraftforge.coremod.transformer.CoreModBaseTransformer/COREMOD]: Transforming getEnchantmentLevel with desc (Lnet/minecraft/world/item/enchantment/Enchantment;)I
[041月2026 00:11:17.683] [main/INFO] [net.minecraftforge.coremod.CoreMod.placebo/COREMODLOG]: Patching IForgeItemStack#getEnchantmentLevel
[041月2026 00:11:17.683] [main/DEBUG] [net.minecraftforge.coremod.transformer.CoreModBaseTransformer/COREMOD]: Transforming getAllEnchantments with desc ()Ljava/util/Map;
[041月2026 00:11:17.684] [main/INFO] [net.minecraftforge.coremod.CoreMod.placebo/COREMODLOG]: Patching IForgeItemStack#getEnchantmentLevel
[041月2026 00:11:17.691] [main/DEBUG] [mixin/]: Mixing LivingEntityMixin from kubejs-common.mixins.json into net.minecraft.world.entity.LivingEntity
[041月2026 00:11:17.693] [main/DEBUG] [mixin/]: Mixing MixinLivingEntity from caelus.mixins.json into net.minecraft.world.entity.LivingEntity
[041月2026 00:11:17.694] [main/DEBUG] [mixin/]: Mixing LivingEntityMixin from dummmmmmy-common.mixins.json into net.minecraft.world.entity.LivingEntity
[041月2026 00:11:17.697] [main/DEBUG] [mixin/]: Mixing MixinLivingEntity from curios.mixins.json into net.minecraft.world.entity.LivingEntity
[041月2026 00:11:17.699] [main/DEBUG] [mixin/]: Mixing LivingAccessor from ars_nouveau.mixins.json into net.minecraft.world.entity.LivingEntity
[041月2026 00:11:17.703] [main/DEBUG] [mixin/]: Mixing elytra.MixinLivingEntity from ars_nouveau.mixins.json into net.minecraft.world.entity.LivingEntity
[041月2026 00:11:17.705] [main/DEBUG] [mixin/]: Mixing perks.PerkLivingEntity from ars_nouveau.mixins.json into net.minecraft.world.entity.LivingEntity
[041月2026 00:11:17.707] [main/DEBUG] [mixin/]: Mixing LivingEntityMixin from citadel.mixins.json into net.minecraft.world.entity.LivingEntity
[041月2026 00:11:17.985] [main/DEBUG] [mixin/]: Unexpected: Registered method callGetJumpPower()F in net.minecraft.world.entity.LivingEntity was not merged
[041月2026 00:11:18.032] [main/DEBUG] [mixin/]: Mixing ItemEntityMixin from kubejs-common.mixins.json into net.minecraft.world.entity.item.ItemEntity
[041月2026 00:11:18.055] [main/DEBUG] [mixin/]: Mixing PlayerMixin from attributeslib.mixins.json into net.minecraft.world.entity.player.Player
[041月2026 00:11:18.057] [main/DEBUG] [mixin/]: Mixing client.ClientPlayerMixin from confluence.mixins.json into net.minecraft.world.entity.player.Player
[041月2026 00:11:18.058] [main/DEBUG] [mixin/]: Mixing PlayerEntityMixin from playerAnimator-common.mixins.json into net.minecraft.world.entity.player.Player
[041月2026 00:11:18.059] [main/DEBUG] [mixin/]: playerAnimator-common.mixins.json:PlayerEntityMixin: Class version 61 required is higher than the class version supported by the current version of Mixin (JAVA_16 supports class version 60)
[041月2026 00:11:18.065] [main/DEBUG] [mixin/]: Mixing PlayerMixin from mixins.irons_spellbooks.json into net.minecraft.world.entity.player.Player
[041月2026 00:11:18.066] [main/DEBUG] [mixin/]: Mixing PlayerMixin from dummmmmmy-common.mixins.json into net.minecraft.world.entity.player.Player
[041月2026 00:11:18.066] [main/DEBUG] [mixin/]: Mixing elytra.ElytraPlayerMixin from ars_nouveau.mixins.json into net.minecraft.world.entity.player.Player
[041月2026 00:11:18.067] [main/DEBUG] [mixin/]: Mixing PlayerMixin from kubejs-common.mixins.json into net.minecraft.world.entity.player.Player
[041月2026 00:11:18.197] [main/DEBUG] [mixin/]: Mixing inject.MixinFluid from architectury-common.mixins.json into net.minecraft.world.level.material.Fluid
[041月2026 00:11:18.202] [main/DEBUG] [mixin/]: Mixing ItemMixin from moonlight-common.mixins.json into net.minecraft.world.item.Item
[041月2026 00:11:18.204] [main/DEBUG] [mixin/]: Mixing ItemMixin from moonlight.mixins.json into net.minecraft.world.item.Item
[041月2026 00:11:18.205] [main/DEBUG] [mixin/]: Mixing inject.MixinItem from architectury-common.mixins.json into net.minecraft.world.item.Item
[041月2026 00:11:18.206] [main/DEBUG] [mixin/]: Mixing ItemMixin from mixins.irons_spellbooks.json into net.minecraft.world.item.Item
[041月2026 00:11:18.207] [main/DEBUG] [mixin/]: Mixing ItemMixin from kubejs-common.mixins.json into net.minecraft.world.item.Item
[041月2026 00:11:18.348] [main/DEBUG] [mixin/]: Mixing IForgeItemMixin from attributeslib.mixins.json into net.minecraftforge.common.extensions.IForgeItem
[041月2026 00:11:18.357] [main/DEBUG] [net.minecraftforge.coremod.transformer.CoreModBaseTransformer/COREMOD]: Transforming net/minecraft/world/entity/EntityType
[041月2026 00:11:18.396] [main/DEBUG] [mixin/]: Mixing inject.MixinEntityType from architectury-common.mixins.json into net.minecraft.world.entity.EntityType
[041月2026 00:11:18.412] [main/DEBUG] [mixin/]: Mixing MobEffectMixin from mixins.irons_spellbooks.json into net.minecraft.world.effect.MobEffect
[041月2026 00:11:18.446] [main/DEBUG] [mixin/]: Mixing AttributeMixin from attributeslib.mixins.json into net.minecraft.world.entity.ai.attributes.Attribute
[041月2026 00:11:18.458] [main/DEBUG] [mixin/]: Mixing PoiMixin from moonlight-common.mixins.json into net.minecraft.world.entity.ai.village.poi.PoiType
[041月2026 00:11:18.542] [main/DEBUG] [mixin/]: Mixing CreativeModeTabMixin from kubejs-common.mixins.json into net.minecraft.world.item.CreativeModeTab
[041月2026 00:11:18.547] [main/DEBUG] [mixin/]: Mixing FireBlockMixin from moonlight.mixins.json into net.minecraft.world.level.block.FireBlock
[041月2026 00:11:18.573] [main/DEBUG] [mixin/]: Mixing DirectionMixin from rhino-common.mixins.json into net.minecraft.core.Direction
[041月2026 00:11:18.801] [main/DEBUG] [net.minecraftforge.coremod.transformer.CoreModBaseTransformer/COREMOD]: Transforming net/minecraft/world/level/block/LiquidBlock
[041月2026 00:11:18.802] [main/DEBUG] [mixin/]: Mixing inject.MixinLiquidBlock from architectury-common.mixins.json into net.minecraft.world.level.block.LiquidBlock
[041月2026 00:11:18.818] [main/DEBUG] [mixin/]: Mixing accessor.DispenserBlockAccessor from moonlight-common.mixins.json into net.minecraft.world.level.block.DispenserBlock
[041月2026 00:11:18.818] [main/DEBUG] [mixin/]: Renaming @Accessor method getDispenserRegistry()Ljava/util/Map; to getDispenserRegistry_$md$cdc069$0 in moonlight-common.mixins.json:accessor.DispenserBlockAccessor
[041月2026 00:11:18.822] [main/DEBUG] [mixin/]: Mixing jar.DispenserMixin from ars_nouveau.mixins.json into net.minecraft.world.level.block.DispenserBlock
[041月2026 00:11:18.875] [main/DEBUG] [net.minecraftforge.coremod.transformer.CoreModBaseTransformer/COREMOD]: Transforming net/minecraft/world/level/block/StairBlock
[041月2026 00:11:18.960] [main/DEBUG] [net.minecraftforge.coremod.transformer.CoreModBaseTransformer/COREMOD]: Transforming net/minecraft/world/level/block/FlowerPotBlock
[041月2026 00:11:18.974] [main/DEBUG] [mixin/]: Mixing AnvilBlockMixin from placebo.mixins.json into net.minecraft.world.level.block.AnvilBlock
[041月2026 00:11:18.993] [main/DEBUG] [mixin/]: Mixing SlimeBlockMixin from confluence.mixins.json into net.minecraft.world.level.block.SlimeBlock
[041月2026 00:11:19.082] [main/DEBUG] [mixin/]: Mixing MixinPowderSnowBlock from curios.mixins.json into net.minecraft.world.level.block.PowderSnowBlock
[041月2026 00:11:19.270] [main/DEBUG] [mixin/]: Mixing DyeColorMixin from rhino-common.mixins.json into net.minecraft.world.item.DyeColor
[041月2026 00:11:19.285] [main/DEBUG] [mixin/]: Mixing MixinFallingBlockEntity from architectury.mixins.json into net.minecraft.world.entity.item.FallingBlockEntity
[041月2026 00:11:19.372] [main/DEBUG] [mixin/]: Mixing ContainerMixin from kubejs-common.mixins.json into net.minecraft.world.Container
[041月2026 00:11:19.387] [main/DEBUG] [mixin/]: Mixing ServerPlayerMixin from moonlight-common.mixins.json into net.minecraft.server.level.ServerPlayer
[041月2026 00:11:19.388] [main/DEBUG] [mixin/]: Mixing ServerPlayerMixin from kubejs-common.mixins.json into net.minecraft.server.level.ServerPlayer
[041月2026 00:11:19.388] [main/DEBUG] [mixin/]: Mixing camera.ANServerPlayerMixin from ars_nouveau.mixins.json into net.minecraft.server.level.ServerPlayer
[041月2026 00:11:19.422] [main/DEBUG] [mixin/]: Mixing accessor.DispenserBlockEntityAccessor from moonlight-common.mixins.json into net.minecraft.world.level.block.entity.DispenserBlockEntity
[041月2026 00:11:19.610] [main/DEBUG] [mixin/]: Mixing PistonBlockEntityMixin from moonlight-common.mixins.json into net.minecraft.world.level.block.piston.PistonMovingBlockEntity
[041月2026 00:11:19.660] [main/DEBUG] [mixin/]: Mixing AttributesMixin from mixins.irons_spellbooks.json into net.minecraft.world.entity.ai.attributes.Attributes
[041月2026 00:11:19.843] [main/DEBUG] [mixin/]: Mixing AbstractContainerMenuInvoker from placebo.mixins.json into net.minecraft.world.inventory.AbstractContainerMenu
[041月2026 00:11:19.937] [main/DEBUG] [mixin/]: Mixing EntityMixin from moonlight-common.mixins.json into net.minecraft.world.entity.Mob
[041月2026 00:11:19.938] [main/DEBUG] [mixin/]: Mixing MobAccessor from ars_nouveau.mixins.json into net.minecraft.world.entity.Mob
[041月2026 00:11:19.945] [main/DEBUG] [mixin/]: Mixing jar.MobAccessorMixin from ars_nouveau.mixins.json into net.minecraft.world.entity.Mob
[041月2026 00:11:20.055] [main/DEBUG] [net.minecraftforge.coremod.transformer.CoreModBaseTransformer/COREMOD]: Transforming net/minecraft/world/item/ItemStack
[041月2026 00:11:20.056] [main/DEBUG] [mixin/]: Mixing ItemStackMixin from attributeslib.mixins.json into net.minecraft.world.item.ItemStack
[041月2026 00:11:20.057] [main/DEBUG] [mixin/]: Mixing ItemStackMixin from mixins.irons_spellbooks.json into net.minecraft.world.item.ItemStack
[041月2026 00:11:20.057] [main/DEBUG] [mixin/]: Mixing ItemStackMixin from kubejs-common.mixins.json into net.minecraft.world.item.ItemStack
[041月2026 00:11:20.057] [main/DEBUG] [mixin/]: Mixing ItemStackMixin from placebo.mixins.json into net.minecraft.world.item.ItemStack
[041月2026 00:11:20.058] [main/DEBUG] [mixin/]: Renaming synthetic method lambda$getOrCreate$0(Ljava/util/function/Function;Ljava/util/function/ToIntFunction;Lnet/minecraft/resources/ResourceLocation;)Ldev/shadowsoffire/placebo/util/CachedObject; to mdcdc069$lambda$getOrCreate$0$0 in placebo.mixins.json:ItemStackMixin
[041月2026 00:11:20.109] [main/DEBUG] [net.minecraftforge.coremod.transformer.CoreModBaseTransformer/COREMOD]: Transforming getEnchantmentLevel with desc (Lnet/minecraft/world/item/enchantment/Enchantment;)I
[041月2026 00:11:20.109] [main/INFO] [net.minecraftforge.coremod.CoreMod.placebo/COREMODLOG]: Patching IForgeItemStack#getEnchantmentLevel
[041月2026 00:11:20.110] [main/DEBUG] [net.minecraftforge.coremod.transformer.CoreModBaseTransformer/COREMOD]: Transforming getAllEnchantments with desc ()Ljava/util/Map;
[041月2026 00:11:20.110] [main/INFO] [net.minecraftforge.coremod.CoreMod.placebo/COREMODLOG]: Patching IForgeItemStack#getEnchantmentLevel
[041月2026 00:11:20.523] [main/DEBUG] [mixin/]: Mixing SmithingMenuMixin from citadel.mixins.json into net.minecraft.world.inventory.SmithingMenu
[041月2026 00:11:20.701] [main/DEBUG] [mixin/]: Mixing LightningEntityMixin from moonlight-common.mixins.json into net.minecraft.world.entity.LightningBolt
[041月2026 00:11:20.702] [main/DEBUG] [mixin/]: Mixing MixinLightningBolt from architectury-common.mixins.json into net.minecraft.world.entity.LightningBolt
[041月2026 00:11:20.817] [main/DEBUG] [net.minecraftforge.coremod.transformer.CoreModBaseTransformer/COREMOD]: Transforming net/minecraft/world/entity/animal/frog/Tadpole
[041月2026 00:11:20.856] [main/DEBUG] [mixin/]: Mixing BlockItemMixin from moonlight-common.mixins.json into net.minecraft.world.item.BlockItem
[041月2026 00:11:20.897] [main/DEBUG] [mixin/]: Mixing tools.ArmorItemMixin from kubejs-common.mixins.json into net.minecraft.world.item.ArmorItem
[041月2026 00:11:20.906] [main/DEBUG] [mixin/]: Mixing BowItemMixin from confluence.mixins.json into net.minecraft.world.item.BowItem
[041月2026 00:11:20.933] [main/DEBUG] [mixin/]: Mixing tools.SwordItemMixin from kubejs-common.mixins.json into net.minecraft.world.item.SwordItem
[041月2026 00:11:20.938] [main/DEBUG] [mixin/]: Mixing SwordItemMixin from dummmmmmy-common.mixins.json into net.minecraft.world.item.SwordItem
[041月2026 00:11:20.952] [main/DEBUG] [mixin/]: Mixing tools.DiggerItemMixin from kubejs-common.mixins.json into net.minecraft.world.item.DiggerItem
[041月2026 00:11:20.956] [main/DEBUG] [mixin/]: Mixing ToolItemMixin from dummmmmmy-common.mixins.json into net.minecraft.world.item.DiggerItem
[041月2026 00:11:20.975] [main/DEBUG] [net.minecraftforge.coremod.transformer.CoreModBaseTransformer/COREMOD]: Transforming net/minecraft/world/item/BucketItem
[041月2026 00:11:20.975] [main/DEBUG] [mixin/]: Mixing inject.MixinBucketItem from architectury-common.mixins.json into net.minecraft.world.item.BucketItem
[041月2026 00:11:20.992] [main/DEBUG] [mixin/]: Mixing MapItemMixin from moonlight-common.mixins.json into net.minecraft.world.item.MapItem
[041月2026 00:11:20.993] [main/DEBUG] [mixin/]: Renaming synthetic method lambda$update$1(Lnet/minecraft/world/level/saveddata/maps/MapItemSavedData;Lnet/minecraft/world/entity/Entity;Ljava/util/concurrent/atomic/AtomicBoolean;Lnet/minecraft/resources/ResourceLocation;Lnet/mehvahdjukaar/moonlight/api/map/CustomMapData;)V to mdcdc069$lambda$update$1$0 in moonlight-common.mixins.json:MapItemMixin
[041月2026 00:11:20.993] [main/DEBUG] [mixin/]: Renaming synthetic method lambda$appendHoverText$0(Lnet/minecraft/world/level/saveddata/maps/MapItemSavedData;Lnet/minecraft/world/item/ItemStack;Ljava/util/List;Lnet/minecraft/resources/ResourceLocation;Lnet/mehvahdjukaar/moonlight/api/map/CustomMapData;)V to mdcdc069$lambda$appendHoverText$0$1 in moonlight-common.mixins.json:MapItemMixin
[041月2026 00:11:21.015] [main/DEBUG] [mixin/]: Mixing ShearItemMixin from moonlight-common.mixins.json into net.minecraft.world.item.ShearsItem
[041月2026 00:11:21.017] [main/DEBUG] [mixin/]: Mixing MixinShearsItem from curios.mixins.json into net.minecraft.world.item.ShearsItem
[041月2026 00:11:21.068] [main/DEBUG] [mixin/]: Mixing ArmorStandFIxMixin from dummmmmmy-common.mixins.json into net.minecraft.world.item.ArmorStandItem
[041月2026 00:11:21.096] [main/DEBUG] [mixin/]: Mixing TridentItemMixin from mixins.irons_spellbooks.json into net.minecraft.world.item.TridentItem
[041月2026 00:11:21.099] [main/DEBUG] [mixin/]: Mixing tools.TridentItemMixin from kubejs-common.mixins.json into net.minecraft.world.item.TridentItem
[041月2026 00:11:21.114] [main/DEBUG] [mixin/]: Mixing CrossbowItemMixin from confluence.mixins.json into net.minecraft.world.item.CrossbowItem
[041月2026 00:11:21.114] [main/DEBUG] [mixin/]: Mixing CrossbowMixin from ars_nouveau.mixins.json into net.minecraft.world.item.CrossbowItem
[041月2026 00:11:21.161] [main/DEBUG] [mixin/]: Mixing inject.MixinItemProperties from architectury-common.mixins.json into net.minecraft.world.item.Item$Properties
[041月2026 00:11:21.573] [main/DEBUG] [mixin/]: Mixing StringTagMixin from rhino-common.mixins.json into net.minecraft.nbt.StringTag
[041月2026 00:11:22.004] [main/DEBUG] [mixin/]: Mixing BeeGoalMixin from moonlight-common.mixins.json into net.minecraft.world.entity.animal.Bee$BeeGrowCropGoal
[041月2026 00:11:22.023] [main/DEBUG] [mixin/]: Mixing NearestAttackableTargetGoalMixin from attributeslib.mixins.json into net.minecraft.world.entity.ai.goal.target.NearestAttackableTargetGoal
[041月2026 00:11:22.089] [main/DEBUG] [net.minecraftforge.coremod.transformer.CoreModBaseTransformer/COREMOD]: Transforming net/minecraft/world/entity/monster/Spider
[041月2026 00:11:22.141] [main/DEBUG] [mixin/]: Mixing CreeperMixin from mixins.irons_spellbooks.json into net.minecraft.world.entity.monster.Creeper
[041月2026 00:11:22.177] [main/DEBUG] [net.minecraftforge.coremod.transformer.CoreModBaseTransformer/COREMOD]: Transforming net/minecraft/world/entity/monster/Zombie
[041月2026 00:11:22.207] [main/DEBUG] [net.minecraftforge.coremod.transformer.CoreModBaseTransformer/COREMOD]: Transforming net/minecraft/world/entity/monster/ZombieVillager
[041月2026 00:11:22.224] [main/DEBUG] [mixin/]: Mixing ThrownTridentMixin from attributeslib.mixins.json into net.minecraft.world.entity.projectile.ThrownTrident
[041月2026 00:11:22.300] [main/DEBUG] [net.minecraftforge.coremod.transformer.CoreModBaseTransformer/COREMOD]: Transforming net/minecraft/world/entity/monster/Evoker$EvokerSummonSpellGoal
[041月2026 00:11:22.320] [main/DEBUG] [mixin/]: Mixing FixBlockPlaceContextMixin from moonlight-common.mixins.json into net.minecraft.world.item.context.BlockPlaceContext
[041月2026 00:11:22.346] [main/DEBUG] [mixin/]: Mixing FireworkRocketEntityMixin from kubejs-common.mixins.json into net.minecraft.world.entity.projectile.FireworkRocketEntity
[041月2026 00:11:22.389] [main/DEBUG] [mixin/]: Mixing ItemFrameEntityMixin from kubejs-common.mixins.json into net.minecraft.world.entity.decoration.ItemFrame
[041月2026 00:11:22.528] [main/DEBUG] [mixin/]: Mixing ThrownPotionMixin from moonlight-common.mixins.json into net.minecraft.world.entity.projectile.ThrownPotion
[041月2026 00:11:22.540] [main/DEBUG] [mixin/]: Mixing PufferfishAccessor from ars_nouveau.mixins.json into net.minecraft.world.entity.animal.Pufferfish
[041月2026 00:11:22.550] [main/DEBUG] [mixin/]: Renaming @Accessor method targetConditions()Lnet/minecraft/world/entity/ai/targeting/TargetingConditions; to targetConditions_$md$cdc069$0 in ars_nouveau.mixins.json:PufferfishAccessor
[041月2026 00:11:22.577] [main/DEBUG] [mixin/]: Mixing CraftingContainerMixin from kubejs-common.mixins.json into net.minecraft.world.inventory.CraftingContainer
[041月2026 00:11:22.601] [main/DEBUG] [net.minecraftforge.coremod.transformer.CoreModBaseTransformer/COREMOD]: Transforming net/minecraft/world/entity/animal/horse/SkeletonTrapGoal
[041月2026 00:11:22.622] [main/DEBUG] [net.minecraftforge.coremod.transformer.CoreModBaseTransformer/COREMOD]: Transforming net/minecraft/world/entity/monster/Strider
[041月2026 00:11:22.726] [main/DEBUG] [mixin/]: Mixing LevelChunkMixin from moonlight-common.mixins.json into net.minecraft.world.level.chunk.LevelChunk
[041月2026 00:11:22.772] [main/DEBUG] [net.minecraftforge.coremod.transformer.CoreModBaseTransformer/COREMOD]: Transforming net/minecraft/world/entity/npc/Villager
[041月2026 00:11:22.834] [main/DEBUG] [mixin/]: Mixing VillagerMixin from moonlight-common.mixins.json into net.minecraft.world.entity.npc.Villager
[041月2026 00:11:22.900] [main/DEBUG] [mixin/]: Mixing IngredientMixin from kubejs-common.mixins.json into net.minecraft.world.item.crafting.Ingredient
[041月2026 00:11:22.906] [main/DEBUG] [mixin/]: Mixing inject.MixinFoodPropertiesBuilder from architectury-common.mixins.json into net.minecraft.world.food.FoodProperties$Builder
[041月2026 00:11:22.909] [main/DEBUG] [net.minecraftforge.coremod.transformer.CoreModBaseTransformer/COREMOD]: Transforming net/minecraft/world/effect/MobEffectInstance
[041月2026 00:11:22.966] [main/DEBUG] [mixin/]: Mixing PotionRecipeMixin from ars_nouveau.mixins.json into net.minecraft.world.item.alchemy.PotionBrewing
[041月2026 00:11:22.967] [main/DEBUG] [mixin/]: Renaming @Accessor method mixList()Ljava/util/List; to mixList_$md$cdc069$0 in ars_nouveau.mixins.json:PotionRecipeMixin
[041月2026 00:11:22.983] [main/DEBUG] [mixin/]: Mixing NumericTagMixin from rhino-common.mixins.json into net.minecraft.nbt.NumericTag
[041月2026 00:11:23.048] [main/DEBUG] [mixin/]: Mixing IItemHandlerMixin from kubejs-forge.mixins.json into net.minecraftforge.items.IItemHandler
[041月2026 00:11:23.074] [main/DEBUG] [mixin/]: Mixing structure.StructureProcessorAccessor from ars_nouveau.mixins.json into net.minecraft.world.level.levelgen.structure.templatesystem.StructureProcessor
[041月2026 00:11:23.127] [main/DEBUG] [mixin/]: Mixing ChunkGeneratorMixin from citadel.mixins.json into net.minecraft.world.level.chunk.ChunkGenerator
[041月2026 00:11:23.130] [main/DEBUG] [net.minecraftforge.coremod.transformer.CoreModBaseTransformer/COREMOD]: Transforming net/minecraft/world/level/biome/Biome
[041月2026 00:11:23.184] [main/DEBUG] [mixin/]: Mixing MixinInventory from curios.mixins.json into net.minecraft.world.entity.player.Inventory
[041月2026 00:11:23.185] [main/DEBUG] [mixin/]: Mixing InventoryMixin from moonlight-common.mixins.json into net.minecraft.world.entity.player.Inventory
[041月2026 00:11:23.225] [main/DEBUG] [mixin/]: Mixing RecipeMixin from kubejs-common.mixins.json into net.minecraft.world.item.crafting.Recipe
[041月2026 00:11:23.233] [main/DEBUG] [mixin/]: Mixing GrindstoneMenuSlotMixin from moonlight-common.mixins.json into net.minecraft.world.inventory.GrindstoneMenu$4
[041月2026 00:11:23.276] [main/DEBUG] [mixin/]: Mixing MapExtendingRecipeMixin from moonlight-common.mixins.json into net.minecraft.world.item.crafting.MapExtendingRecipe
[041月2026 00:11:23.464] [main/DEBUG] [mixin/]: Mixing MixinApplyBonusCount from curios.mixins.json into net.minecraft.world.level.storage.loot.functions.ApplyBonusCount
[041月2026 00:11:23.779] [main/DEBUG] [net.minecraftforge.coremod.transformer.CoreModBaseTransformer/COREMOD]: Transforming net/minecraft/world/level/levelgen/structure/Structure
[041月2026 00:11:23.833] [main/DEBUG] [net.minecraftforge.coremod.transformer.CoreModBaseTransformer/COREMOD]: Transforming net/minecraft/world/level/levelgen/structure/structures/OceanRuinPieces$OceanRuinPiece
[041月2026 00:11:23.853] [main/DEBUG] [net.minecraftforge.coremod.transformer.CoreModBaseTransformer/COREMOD]: Transforming net/minecraft/world/level/levelgen/structure/structures/SwampHutPiece
[041月2026 00:11:23.864] [main/DEBUG] [net.minecraftforge.coremod.transformer.CoreModBaseTransformer/COREMOD]: Transforming net/minecraft/world/level/levelgen/structure/structures/OceanMonumentPieces$OceanMonumentPiece
[041月2026 00:11:23.903] [main/DEBUG] [net.minecraftforge.coremod.transformer.CoreModBaseTransformer/COREMOD]: Transforming net/minecraft/world/level/levelgen/structure/structures/WoodlandMansionPieces$WoodlandMansionPiece
[041月2026 00:11:24.083] [main/DEBUG] [net.minecraftforge.coremod.transformer.CoreModBaseTransformer/COREMOD]: Transforming net/minecraft/world/level/biome/Biome
[041月2026 00:11:24.154] [main/DEBUG] [mixin/]: Mixing NoiseGeneratorSettingsMixin from citadel.mixins.json into net.minecraft.world.level.levelgen.NoiseGeneratorSettings
[041月2026 00:11:24.320] [main/DEBUG] [net.minecraftforge.registries.GameData/REGISTRIES]: Creating vanilla freeze snapshot
[041月2026 00:11:24.322] [main/DEBUG] [net.minecraftforge.registries.ForgeRegistry/REGISTRIES]: Registry minecraft:block Sync: VANILLA -> ACTIVE
[041月2026 00:11:24.334] [main/DEBUG] [net.minecraftforge.registries.ForgeRegistry/REGISTRIES]: Registry minecraft:fluid Sync: VANILLA -> ACTIVE
[041月2026 00:11:24.334] [main/DEBUG] [net.minecraftforge.registries.ForgeRegistry/REGISTRIES]: Registry minecraft:item Sync: VANILLA -> ACTIVE
[041月2026 00:11:24.343] [main/DEBUG] [net.minecraftforge.registries.ForgeRegistry/REGISTRIES]: Registry minecraft:mob_effect Sync: VANILLA -> ACTIVE
[041月2026 00:11:24.344] [main/DEBUG] [net.minecraftforge.registries.ForgeRegistry/REGISTRIES]: Registry minecraft:sound_event Sync: VANILLA -> ACTIVE
[041月2026 00:11:24.353] [main/DEBUG] [net.minecraftforge.registries.ForgeRegistry/REGISTRIES]: Registry minecraft:potion Sync: VANILLA -> ACTIVE
[041月2026 00:11:24.354] [main/DEBUG] [net.minecraftforge.registries.ForgeRegistry/REGISTRIES]: Registry minecraft:enchantment Sync: VANILLA -> ACTIVE
[041月2026 00:11:24.355] [main/DEBUG] [net.minecraftforge.registries.ForgeRegistry/REGISTRIES]: Registry minecraft:entity_type Sync: VANILLA -> ACTIVE
[041月2026 00:11:24.356] [main/DEBUG] [net.minecraftforge.registries.ForgeRegistry/REGISTRIES]: Registry minecraft:block_entity_type Sync: VANILLA -> ACTIVE
[041月2026 00:11:24.356] [main/DEBUG] [net.minecraftforge.registries.ForgeRegistry/REGISTRIES]: Registry minecraft:particle_type Sync: VANILLA -> ACTIVE
[041月2026 00:11:24.357] [main/DEBUG] [net.minecraftforge.registries.ForgeRegistry/REGISTRIES]: Registry minecraft:menu Sync: VANILLA -> ACTIVE
[041月2026 00:11:24.357] [main/DEBUG] [net.minecraftforge.registries.ForgeRegistry/REGISTRIES]: Registry minecraft:painting_variant Sync: VANILLA -> ACTIVE
[041月2026 00:11:24.357] [main/DEBUG] [net.minecraftforge.registries.ForgeRegistry/REGISTRIES]: Registry minecraft:recipe_type Sync: VANILLA -> ACTIVE
[041月2026 00:11:24.357] [main/DEBUG] [net.minecraftforge.registries.ForgeRegistry/REGISTRIES]: Registry minecraft:recipe_serializer Sync: VANILLA -> ACTIVE
[041月2026 00:11:24.358] [main/DEBUG] [net.minecraftforge.registries.ForgeRegistry/REGISTRIES]: Registry minecraft:attribute Sync: VANILLA -> ACTIVE
[041月2026 00:11:24.358] [main/DEBUG] [net.minecraftforge.registries.ForgeRegistry/REGISTRIES]: Registry minecraft:stat_type Sync: VANILLA -> ACTIVE
[041月2026 00:11:24.358] [main/DEBUG] [net.minecraftforge.registries.ForgeRegistry/REGISTRIES]: Registry minecraft:command_argument_type Sync: VANILLA -> ACTIVE
[041月2026 00:11:24.358] [main/DEBUG] [net.minecraftforge.registries.ForgeRegistry/REGISTRIES]: Registry minecraft:villager_profession Sync: VANILLA -> ACTIVE
[041月2026 00:11:24.359] [main/DEBUG] [net.minecraftforge.registries.ForgeRegistry/REGISTRIES]: Registry minecraft:point_of_interest_type Sync: VANILLA -> ACTIVE
[041月2026 00:11:24.361] [main/DEBUG] [net.minecraftforge.registries.ForgeRegistry/REGISTRIES]: Registry minecraft:memory_module_type Sync: VANILLA -> ACTIVE
[041月2026 00:11:24.362] [main/DEBUG] [net.minecraftforge.registries.ForgeRegistry/REGISTRIES]: Registry minecraft:sensor_type Sync: VANILLA -> ACTIVE
[041月2026 00:11:24.363] [main/DEBUG] [net.minecraftforge.registries.ForgeRegistry/REGISTRIES]: Registry minecraft:schedule Sync: VANILLA -> ACTIVE
[041月2026 00:11:24.363] [main/DEBUG] [net.minecraftforge.registries.ForgeRegistry/REGISTRIES]: Registry minecraft:activity Sync: VANILLA -> ACTIVE
[041月2026 00:11:24.363] [main/DEBUG] [net.minecraftforge.registries.ForgeRegistry/REGISTRIES]: Registry minecraft:worldgen/carver Sync: VANILLA -> ACTIVE
[041月2026 00:11:24.363] [main/DEBUG] [net.minecraftforge.registries.ForgeRegistry/REGISTRIES]: Registry minecraft:worldgen/feature Sync: VANILLA -> ACTIVE
[041月2026 00:11:24.363] [main/DEBUG] [net.minecraftforge.registries.ForgeRegistry/REGISTRIES]: Registry minecraft:chunk_status Sync: VANILLA -> ACTIVE
[041月2026 00:11:24.364] [main/DEBUG] [net.minecraftforge.registries.ForgeRegistry/REGISTRIES]: Registry minecraft:worldgen/block_state_provider_type Sync: VANILLA -> ACTIVE
[041月2026 00:11:24.364] [main/DEBUG] [net.minecraftforge.registries.ForgeRegistry/REGISTRIES]: Registry minecraft:worldgen/foliage_placer_type Sync: VANILLA -> ACTIVE
[041月2026 00:11:24.364] [main/DEBUG] [net.minecraftforge.registries.ForgeRegistry/REGISTRIES]: Registry minecraft:worldgen/tree_decorator_type Sync: VANILLA -> ACTIVE
[041月2026 00:11:24.364] [main/DEBUG] [net.minecraftforge.registries.ForgeRegistry/REGISTRIES]: Registry minecraft:worldgen/biome Sync: VANILLA -> ACTIVE
[041月2026 00:11:24.368] [main/DEBUG] [net.minecraftforge.registries.GameData/REGISTRIES]: Vanilla freeze snapshot created
[041月2026 00:11:24.387] [main/DEBUG] [io.netty.util.internal.PlatformDependent0/]: -Dio.netty.noUnsafe: false
[041月2026 00:11:24.388] [main/DEBUG] [io.netty.util.internal.PlatformDependent0/]: Java version: 17
[041月2026 00:11:24.389] [main/DEBUG] [io.netty.util.internal.PlatformDependent0/]: sun.misc.Unsafe.theUnsafe: available
[041月2026 00:11:24.389] [main/DEBUG] [io.netty.util.internal.PlatformDependent0/]: sun.misc.Unsafe.copyMemory: available
[041月2026 00:11:24.389] [main/DEBUG] [io.netty.util.internal.PlatformDependent0/]: sun.misc.Unsafe.storeFence: available
[041月2026 00:11:24.390] [main/DEBUG] [io.netty.util.internal.PlatformDependent0/]: java.nio.Buffer.address: available
[041月2026 00:11:24.390] [main/DEBUG] [io.netty.util.internal.PlatformDependent0/]: direct buffer constructor: unavailable
java.lang.UnsupportedOperationException: Reflective setAccessible(true) disabled
	at io.netty.util.internal.ReflectionUtil.trySetAccessible(ReflectionUtil.java:31) ~[netty-common-4.1.82.Final.jar:4.1.82.Final]
	at io.netty.util.internal.PlatformDependent0$5.run(PlatformDependent0.java:288) ~[netty-common-4.1.82.Final.jar:4.1.82.Final]
	at java.security.AccessController.doPrivileged(AccessController.java:318) ~[?:?]
	at io.netty.util.internal.PlatformDependent0.<clinit>(PlatformDependent0.java:282) ~[netty-common-4.1.82.Final.jar:4.1.82.Final]
	at io.netty.util.internal.PlatformDependent.isAndroid(PlatformDependent.java:333) ~[netty-common-4.1.82.Final.jar:4.1.82.Final]
	at io.netty.util.internal.PlatformDependent.<clinit>(PlatformDependent.java:88) ~[netty-common-4.1.82.Final.jar:4.1.82.Final]
	at io.netty.util.ConstantPool.<init>(ConstantPool.java:34) ~[netty-common-4.1.82.Final.jar:4.1.82.Final]
	at io.netty.util.AttributeKey$1.<init>(AttributeKey.java:27) ~[netty-common-4.1.82.Final.jar:4.1.82.Final]
	at io.netty.util.AttributeKey.<clinit>(AttributeKey.java:27) ~[netty-common-4.1.82.Final.jar:4.1.82.Final]
	at net.minecraftforge.network.NetworkConstants.<clinit>(NetworkConstants.java:34) ~[forge-1.20.1-47.3.29_mapped_official_1.20.1-recomp.jar:?]
	at net.minecraftforge.network.NetworkHooks.init(NetworkHooks.java:52) ~[forge-1.20.1-47.3.29_mapped_official_1.20.1-recomp.jar:?]
	at net.minecraft.server.Bootstrap.bootStrap(Bootstrap.java:62) ~[forge-1.20.1-47.3.29_mapped_official_1.20.1-recomp.jar:?]
	at net.minecraftforge.data.loading.DatagenModLoader.begin(DatagenModLoader.java:42) ~[forge-1.20.1-47.3.29_mapped_official_1.20.1-recomp.jar:?]
	at net.minecraft.data.Main.main(Main.java:90) ~[forge-1.20.1-47.3.29_mapped_official_1.20.1-recomp.jar:?]
	at jdk.internal.reflect.NativeMethodAccessorImpl.invoke0(Native Method) ~[?:?]
	at jdk.internal.reflect.NativeMethodAccessorImpl.invoke(NativeMethodAccessorImpl.java:77) ~[?:?]
	at jdk.internal.reflect.DelegatingMethodAccessorImpl.invoke(DelegatingMethodAccessorImpl.java:43) ~[?:?]
	at java.lang.reflect.Method.invoke(Method.java:569) ~[?:?]
	at net.minecraftforge.fml.loading.targets.CommonLaunchHandler.runTarget(CommonLaunchHandler.java:111) ~[fmlloader-1.20.1-47.3.29.jar:?]
	at net.minecraftforge.fml.loading.targets.CommonLaunchHandler.dataService(CommonLaunchHandler.java:107) ~[fmlloader-1.20.1-47.3.29.jar:?]
	at net.minecraftforge.fml.loading.targets.ForgeDataUserdevLaunchHandler.devService(ForgeDataUserdevLaunchHandler.java:22) ~[fmlloader-1.20.1-47.3.29.jar:?]
	at net.minecraftforge.fml.loading.targets.CommonDevLaunchHandler.lambda$makeService$7(CommonDevLaunchHandler.java:135) ~[fmlloader-1.20.1-47.3.29.jar:?]
	at cpw.mods.modlauncher.LaunchServiceHandlerDecorator.launch(LaunchServiceHandlerDecorator.java:30) ~[modlauncher-10.0.9.jar:?]
	at cpw.mods.modlauncher.LaunchServiceHandler.launch(LaunchServiceHandler.java:53) ~[modlauncher-10.0.9.jar:?]
	at cpw.mods.modlauncher.LaunchServiceHandler.launch(LaunchServiceHandler.java:71) ~[modlauncher-10.0.9.jar:?]
	at cpw.mods.modlauncher.Launcher.run(Launcher.java:108) ~[modlauncher-10.0.9.jar:?]
	at cpw.mods.modlauncher.Launcher.main(Launcher.java:78) ~[modlauncher-10.0.9.jar:?]
	at cpw.mods.modlauncher.BootstrapLaunchConsumer.accept(BootstrapLaunchConsumer.java:26) ~[modlauncher-10.0.9.jar:?]
	at cpw.mods.modlauncher.BootstrapLaunchConsumer.accept(BootstrapLaunchConsumer.java:23) ~[modlauncher-10.0.9.jar:?]
	at cpw.mods.bootstraplauncher.BootstrapLauncher.main(BootstrapLauncher.java:141) ~[bootstraplauncher-1.1.2.jar:?]
[041月2026 00:11:24.425] [main/DEBUG] [io.netty.util.internal.PlatformDependent0/]: java.nio.Bits.unaligned: available, true
[041月2026 00:11:24.426] [main/DEBUG] [io.netty.util.internal.PlatformDependent0/]: jdk.internal.misc.Unsafe.allocateUninitializedArray(int): unavailable
java.lang.IllegalAccessException: class io.netty.util.internal.PlatformDependent0$7 (in module io.netty.common) cannot access class jdk.internal.misc.Unsafe (in module java.base) because module java.base does not export jdk.internal.misc to module io.netty.common
	at jdk.internal.reflect.Reflection.newIllegalAccessException(Reflection.java:392) ~[?:?]
	at java.lang.reflect.AccessibleObject.checkAccess(AccessibleObject.java:674) ~[?:?]
	at java.lang.reflect.Method.invoke(Method.java:561) ~[?:?]
	at io.netty.util.internal.PlatformDependent0$7.run(PlatformDependent0.java:410) ~[netty-common-4.1.82.Final.jar:4.1.82.Final]
	at java.security.AccessController.doPrivileged(AccessController.java:318) ~[?:?]
	at io.netty.util.internal.PlatformDependent0.<clinit>(PlatformDependent0.java:401) ~[netty-common-4.1.82.Final.jar:4.1.82.Final]
	at io.netty.util.internal.PlatformDependent.isAndroid(PlatformDependent.java:333) ~[netty-common-4.1.82.Final.jar:4.1.82.Final]
	at io.netty.util.internal.PlatformDependent.<clinit>(PlatformDependent.java:88) ~[netty-common-4.1.82.Final.jar:4.1.82.Final]
	at io.netty.util.ConstantPool.<init>(ConstantPool.java:34) ~[netty-common-4.1.82.Final.jar:4.1.82.Final]
	at io.netty.util.AttributeKey$1.<init>(AttributeKey.java:27) ~[netty-common-4.1.82.Final.jar:4.1.82.Final]
	at io.netty.util.AttributeKey.<clinit>(AttributeKey.java:27) ~[netty-common-4.1.82.Final.jar:4.1.82.Final]
	at net.minecraftforge.network.NetworkConstants.<clinit>(NetworkConstants.java:34) ~[forge-1.20.1-47.3.29_mapped_official_1.20.1-recomp.jar:?]
	at net.minecraftforge.network.NetworkHooks.init(NetworkHooks.java:52) ~[forge-1.20.1-47.3.29_mapped_official_1.20.1-recomp.jar:?]
	at net.minecraft.server.Bootstrap.bootStrap(Bootstrap.java:62) ~[forge-1.20.1-47.3.29_mapped_official_1.20.1-recomp.jar:?]
	at net.minecraftforge.data.loading.DatagenModLoader.begin(DatagenModLoader.java:42) ~[forge-1.20.1-47.3.29_mapped_official_1.20.1-recomp.jar:?]
	at net.minecraft.data.Main.main(Main.java:90) ~[forge-1.20.1-47.3.29_mapped_official_1.20.1-recomp.jar:?]
	at jdk.internal.reflect.NativeMethodAccessorImpl.invoke0(Native Method) ~[?:?]
	at jdk.internal.reflect.NativeMethodAccessorImpl.invoke(NativeMethodAccessorImpl.java:77) ~[?:?]
	at jdk.internal.reflect.DelegatingMethodAccessorImpl.invoke(DelegatingMethodAccessorImpl.java:43) ~[?:?]
	at java.lang.reflect.Method.invoke(Method.java:569) ~[?:?]
	at net.minecraftforge.fml.loading.targets.CommonLaunchHandler.runTarget(CommonLaunchHandler.java:111) ~[fmlloader-1.20.1-47.3.29.jar:?]
	at net.minecraftforge.fml.loading.targets.CommonLaunchHandler.dataService(CommonLaunchHandler.java:107) ~[fmlloader-1.20.1-47.3.29.jar:?]
	at net.minecraftforge.fml.loading.targets.ForgeDataUserdevLaunchHandler.devService(ForgeDataUserdevLaunchHandler.java:22) ~[fmlloader-1.20.1-47.3.29.jar:?]
	at net.minecraftforge.fml.loading.targets.CommonDevLaunchHandler.lambda$makeService$7(CommonDevLaunchHandler.java:135) ~[fmlloader-1.20.1-47.3.29.jar:?]
	at cpw.mods.modlauncher.LaunchServiceHandlerDecorator.launch(LaunchServiceHandlerDecorator.java:30) ~[modlauncher-10.0.9.jar:?]
	at cpw.mods.modlauncher.LaunchServiceHandler.launch(LaunchServiceHandler.java:53) ~[modlauncher-10.0.9.jar:?]
	at cpw.mods.modlauncher.LaunchServiceHandler.launch(LaunchServiceHandler.java:71) ~[modlauncher-10.0.9.jar:?]
	at cpw.mods.modlauncher.Launcher.run(Launcher.java:108) ~[modlauncher-10.0.9.jar:?]
	at cpw.mods.modlauncher.Launcher.main(Launcher.java:78) ~[modlauncher-10.0.9.jar:?]
	at cpw.mods.modlauncher.BootstrapLaunchConsumer.accept(BootstrapLaunchConsumer.java:26) ~[modlauncher-10.0.9.jar:?]
	at cpw.mods.modlauncher.BootstrapLaunchConsumer.accept(BootstrapLaunchConsumer.java:23) ~[modlauncher-10.0.9.jar:?]
	at cpw.mods.bootstraplauncher.BootstrapLauncher.main(BootstrapLauncher.java:141) ~[bootstraplauncher-1.1.2.jar:?]
[041月2026 00:11:24.429] [main/DEBUG] [io.netty.util.internal.PlatformDependent0/]: java.nio.DirectByteBuffer.<init>(long, int): unavailable
[041月2026 00:11:24.430] [main/DEBUG] [io.netty.util.internal.PlatformDependent/]: sun.misc.Unsafe: available
[041月2026 00:11:24.431] [main/DEBUG] [io.netty.util.internal.PlatformDependent/]: maxDirectMemory: 8552185856 bytes (maybe)
[041月2026 00:11:24.431] [main/DEBUG] [io.netty.util.internal.PlatformDependent/]: -Dio.netty.tmpdir: C:\Users\lenovo\AppData\Local\Temp (java.io.tmpdir)
[041月2026 00:11:24.431] [main/DEBUG] [io.netty.util.internal.PlatformDependent/]: -Dio.netty.bitMode: 64 (sun.arch.data.model)
[041月2026 00:11:24.432] [main/DEBUG] [io.netty.util.internal.PlatformDependent/]: Platform: Windows
[041月2026 00:11:24.434] [main/DEBUG] [io.netty.util.internal.PlatformDependent/]: -Dio.netty.maxDirectMemory: -1 bytes
[041月2026 00:11:24.434] [main/DEBUG] [io.netty.util.internal.PlatformDependent/]: -Dio.netty.uninitializedArrayAllocationThreshold: -1
[041月2026 00:11:24.435] [main/DEBUG] [io.netty.util.internal.CleanerJava9/]: java.nio.ByteBuffer.cleaner(): available
[041月2026 00:11:24.435] [main/DEBUG] [io.netty.util.internal.PlatformDependent/]: -Dio.netty.noPreferDirect: false
[041月2026 00:11:24.500] [main/DEBUG] [net.minecraftforge.network.NetworkHooks/]: Loading Network data for FML net version: FML3
[041月2026 00:11:24.525] [main/DEBUG] [net.minecraftforge.fml.ModWorkManager/LOADING]: Using 12 threads for parallel mod-loading
[041月2026 00:11:24.535] [main/DEBUG] [net.minecraftforge.fml.javafmlmod.FMLJavaModLanguageProvider/LOADING]: Loading FMLModContainer from classloader cpw.mods.modlauncher.TransformingClassLoader@4519f676 - got cpw.mods.cl.ModuleClassLoader@17814b1c
[041月2026 00:11:24.537] [main/DEBUG] [net.minecraftforge.fml.javafmlmod.FMLModContainer/LOADING]: Creating FMLModContainer instance for dev.shadowsoffire.attributeslib.AttributesLib
[041月2026 00:11:24.539] [main/DEBUG] [net.minecraftforge.fml.javafmlmod.FMLJavaModLanguageProvider/LOADING]: Loading FMLModContainer from classloader cpw.mods.modlauncher.TransformingClassLoader@4519f676 - got cpw.mods.cl.ModuleClassLoader@17814b1c
[041月2026 00:11:24.539] [main/DEBUG] [net.minecraftforge.fml.javafmlmod.FMLModContainer/LOADING]: Creating FMLModContainer instance for com.llamalad7.mixinextras.platform.forge.MixinExtrasMod
[041月2026 00:11:24.540] [main/DEBUG] [net.minecraftforge.fml.javafmlmod.FMLJavaModLanguageProvider/LOADING]: Loading FMLModContainer from classloader cpw.mods.modlauncher.TransformingClassLoader@4519f676 - got cpw.mods.cl.ModuleClassLoader@17814b1c
[041月2026 00:11:24.540] [main/DEBUG] [net.minecraftforge.fml.javafmlmod.FMLModContainer/LOADING]: Creating FMLModContainer instance for org.confluence.mod.Confluence
[041月2026 00:11:24.541] [main/DEBUG] [net.minecraftforge.fml.javafmlmod.FMLJavaModLanguageProvider/LOADING]: Loading FMLModContainer from classloader cpw.mods.modlauncher.TransformingClassLoader@4519f676 - got cpw.mods.cl.ModuleClassLoader@17814b1c
[041月2026 00:11:24.542] [main/DEBUG] [net.minecraftforge.fml.javafmlmod.FMLModContainer/LOADING]: Creating FMLModContainer instance for dev.latvian.mods.rhino.mod.forge.RhinoModForge
[041月2026 00:11:24.543] [main/DEBUG] [net.minecraftforge.fml.javafmlmod.FMLJavaModLanguageProvider/LOADING]: Loading FMLModContainer from classloader cpw.mods.modlauncher.TransformingClassLoader@4519f676 - got cpw.mods.cl.ModuleClassLoader@17814b1c
[041月2026 00:11:24.543] [main/DEBUG] [net.minecraftforge.fml.javafmlmod.FMLModContainer/LOADING]: Creating FMLModContainer instance for net.mehvahdjukaar.moonlight.forge.MoonlightForge
[041月2026 00:11:24.544] [main/DEBUG] [net.minecraftforge.fml.javafmlmod.FMLJavaModLanguageProvider/LOADING]: Loading FMLModContainer from classloader cpw.mods.modlauncher.TransformingClassLoader@4519f676 - got cpw.mods.cl.ModuleClassLoader@17814b1c
[041月2026 00:11:24.545] [main/DEBUG] [net.minecraftforge.fml.javafmlmod.FMLModContainer/LOADING]: Creating FMLModContainer instance for com.inolia_zaicek.ars_extensions.ArsExtensions
[041月2026 00:11:24.546] [main/DEBUG] [net.minecraftforge.fml.javafmlmod.FMLJavaModLanguageProvider/LOADING]: Loading FMLModContainer from classloader cpw.mods.modlauncher.TransformingClassLoader@4519f676 - got cpw.mods.cl.ModuleClassLoader@17814b1c
[041月2026 00:11:24.546] [main/DEBUG] [net.minecraftforge.fml.javafmlmod.FMLModContainer/LOADING]: Creating FMLModContainer instance for snownee.jade.util.CommonProxy
[041月2026 00:11:24.549] [main/DEBUG] [net.minecraftforge.fml.javafmlmod.FMLJavaModLanguageProvider/LOADING]: Loading FMLModContainer from classloader cpw.mods.modlauncher.TransformingClassLoader@4519f676 - got cpw.mods.cl.ModuleClassLoader@17814b1c
[041月2026 00:11:24.549] [main/DEBUG] [net.minecraftforge.fml.javafmlmod.FMLModContainer/LOADING]: Creating FMLModContainer instance for software.bernie.example.GeckoLibMod
[041月2026 00:11:24.549] [main/DEBUG] [net.minecraftforge.fml.javafmlmod.FMLJavaModLanguageProvider/LOADING]: Loading FMLModContainer from classloader cpw.mods.modlauncher.TransformingClassLoader@4519f676 - got cpw.mods.cl.ModuleClassLoader@17814b1c
[041月2026 00:11:24.549] [main/DEBUG] [net.minecraftforge.fml.javafmlmod.FMLModContainer/LOADING]: Creating FMLModContainer instance for dev.architectury.forge.ArchitecturyForge
[041月2026 00:11:24.550] [main/DEBUG] [net.minecraftforge.fml.javafmlmod.FMLJavaModLanguageProvider/LOADING]: Loading FMLModContainer from classloader cpw.mods.modlauncher.TransformingClassLoader@4519f676 - got cpw.mods.cl.ModuleClassLoader@17814b1c
[041月2026 00:11:24.550] [main/DEBUG] [net.minecraftforge.fml.javafmlmod.FMLModContainer/LOADING]: Creating FMLModContainer instance for dev.kosmx.playerAnim.forge.ForgeModInterface
[041月2026 00:11:24.551] [main/DEBUG] [net.minecraftforge.fml.javafmlmod.FMLJavaModLanguageProvider/LOADING]: Loading FMLModContainer from classloader cpw.mods.modlauncher.TransformingClassLoader@4519f676 - got cpw.mods.cl.ModuleClassLoader@17814b1c
[041月2026 00:11:24.551] [main/DEBUG] [net.minecraftforge.fml.javafmlmod.FMLModContainer/LOADING]: Creating FMLModContainer instance for io.redspace.ironsspellbooks.IronsSpellbooks
[041月2026 00:11:24.552] [main/DEBUG] [net.minecraftforge.fml.javafmlmod.FMLJavaModLanguageProvider/LOADING]: Loading FMLModContainer from classloader cpw.mods.modlauncher.TransformingClassLoader@4519f676 - got cpw.mods.cl.ModuleClassLoader@17814b1c
[041月2026 00:11:24.552] [main/DEBUG] [net.minecraftforge.fml.javafmlmod.FMLModContainer/LOADING]: Creating FMLModContainer instance for mezz.jei.forge.JustEnoughItems
[041月2026 00:11:24.552] [main/DEBUG] [net.minecraftforge.fml.javafmlmod.FMLJavaModLanguageProvider/LOADING]: Loading FMLModContainer from classloader cpw.mods.modlauncher.TransformingClassLoader@4519f676 - got cpw.mods.cl.ModuleClassLoader@17814b1c
[041月2026 00:11:24.553] [main/DEBUG] [net.minecraftforge.fml.javafmlmod.FMLModContainer/LOADING]: Creating FMLModContainer instance for dev.latvian.mods.kubejs.forge.KubeJSForge
[041月2026 00:11:24.556] [main/DEBUG] [net.minecraftforge.fml.javafmlmod.FMLJavaModLanguageProvider/LOADING]: Loading FMLModContainer from classloader cpw.mods.modlauncher.TransformingClassLoader@4519f676 - got cpw.mods.cl.ModuleClassLoader@17814b1c
[041月2026 00:11:24.556] [main/DEBUG] [net.minecraftforge.fml.javafmlmod.FMLModContainer/LOADING]: Creating FMLModContainer instance for top.theillusivec4.caelus.Caelus
[041月2026 00:11:24.557] [main/DEBUG] [net.minecraftforge.fml.javafmlmod.FMLJavaModLanguageProvider/LOADING]: Loading FMLModContainer from classloader cpw.mods.modlauncher.TransformingClassLoader@4519f676 - got cpw.mods.cl.ModuleClassLoader@17814b1c
[041月2026 00:11:24.557] [main/DEBUG] [net.minecraftforge.fml.javafmlmod.FMLModContainer/LOADING]: Creating FMLModContainer instance for net.minecraftforge.common.ForgeMod
[041月2026 00:11:24.559] [main/DEBUG] [net.minecraftforge.fml.javafmlmod.FMLJavaModLanguageProvider/LOADING]: Loading FMLModContainer from classloader cpw.mods.modlauncher.TransformingClassLoader@4519f676 - got cpw.mods.cl.ModuleClassLoader@17814b1c
[041月2026 00:11:24.560] [main/DEBUG] [net.minecraftforge.fml.javafmlmod.FMLModContainer/LOADING]: Creating FMLModContainer instance for net.mehvahdjukaar.dummmmmmy.forge.DummmmmmyForge
[041月2026 00:11:24.560] [main/DEBUG] [net.minecraftforge.fml.javafmlmod.FMLJavaModLanguageProvider/LOADING]: Loading FMLModContainer from classloader cpw.mods.modlauncher.TransformingClassLoader@4519f676 - got cpw.mods.cl.ModuleClassLoader@17814b1c
[041月2026 00:11:24.560] [main/DEBUG] [net.minecraftforge.fml.javafmlmod.FMLModContainer/LOADING]: Creating FMLModContainer instance for top.theillusivec4.curios.Curios
[041月2026 00:11:24.562] [main/DEBUG] [net.minecraftforge.fml.javafmlmod.FMLJavaModLanguageProvider/LOADING]: Loading FMLModContainer from classloader cpw.mods.modlauncher.TransformingClassLoader@4519f676 - got cpw.mods.cl.ModuleClassLoader@17814b1c
[041月2026 00:11:24.562] [main/DEBUG] [net.minecraftforge.fml.javafmlmod.FMLModContainer/LOADING]: Creating FMLModContainer instance for com.hollingsworth.arsnouveau.ArsNouveau
[041月2026 00:11:24.563] [main/DEBUG] [net.minecraftforge.fml.javafmlmod.FMLJavaModLanguageProvider/LOADING]: Loading FMLModContainer from classloader cpw.mods.modlauncher.TransformingClassLoader@4519f676 - got cpw.mods.cl.ModuleClassLoader@17814b1c
[041月2026 00:11:24.563] [main/DEBUG] [net.minecraftforge.fml.javafmlmod.FMLModContainer/LOADING]: Creating FMLModContainer instance for vazkii.patchouli.forge.common.ForgeModInitializer
[041月2026 00:11:24.564] [main/DEBUG] [net.minecraftforge.fml.javafmlmod.FMLJavaModLanguageProvider/LOADING]: Loading FMLModContainer from classloader cpw.mods.modlauncher.TransformingClassLoader@4519f676 - got cpw.mods.cl.ModuleClassLoader@17814b1c
[041月2026 00:11:24.564] [main/DEBUG] [net.minecraftforge.fml.javafmlmod.FMLModContainer/LOADING]: Creating FMLModContainer instance for com.github.alexthe666.citadel.Citadel
[041月2026 00:11:24.565] [main/DEBUG] [net.minecraftforge.fml.javafmlmod.FMLJavaModLanguageProvider/LOADING]: Loading FMLModContainer from classloader cpw.mods.modlauncher.TransformingClassLoader@4519f676 - got cpw.mods.cl.ModuleClassLoader@17814b1c
[041月2026 00:11:24.565] [main/DEBUG] [net.minecraftforge.fml.javafmlmod.FMLModContainer/LOADING]: Creating FMLModContainer instance for dev.shadowsoffire.placebo.Placebo
[041月2026 00:11:24.578] [modloading-worker-0/DEBUG] [net.minecraftforge.fml.javafmlmod.AutomaticEventSubscriber/LOADING]: Attempting to inject @EventBusSubscriber classes into the eventbus for mixinextras
[041月2026 00:11:24.580] [modloading-worker-0/DEBUG] [net.minecraftforge.fml.javafmlmod.AutomaticEventSubscriber/LOADING]: Attempting to inject @EventBusSubscriber classes into the eventbus for playeranimator
[041月2026 00:11:24.589] [modloading-worker-0/DEBUG] [net.minecraftforge.fml.javafmlmod.AutomaticEventSubscriber/LOADING]: Attempting to inject @EventBusSubscriber classes into the eventbus for rhino
[041月2026 00:11:24.593] [modloading-worker-0/DEBUG] [mixin/]: Mixing MixinCaelusApi from caelus.mixins.json into top.theillusivec4.caelus.api.CaelusApi
[041月2026 00:11:24.602] [modloading-worker-0/DEBUG] [net.minecraftforge.fml.javafmlmod.AutomaticEventSubscriber/LOADING]: Auto-subscribing dev.kosmx.playerAnim.forge.ForgeClientEvent to MOD
[041月2026 00:11:24.605] [modloading-worker-0/DEBUG] [mixin/]: Mixing client.MinecraftAccessor from confluence.mixins.json into net.minecraft.client.Minecraft
[041月2026 00:11:24.614] [modloading-worker-0/DEBUG] [mixin/]: Mixing MinecraftMixin from moonlight-common.mixins.json into net.minecraft.client.Minecraft
[041月2026 00:11:24.617] [modloading-worker-0/DEBUG] [mixin/]: Mixing MixinMinecraft from architectury.mixins.json into net.minecraft.client.Minecraft
[041月2026 00:11:24.618] [modloading-worker-0/DEBUG] [mixin/]: Mixing MinecraftMixin from mixins.irons_spellbooks.json into net.minecraft.client.Minecraft
[041月2026 00:11:24.619] [modloading-worker-0/DEBUG] [mixin/]: Mixing MinecraftClientMixin from kubejs-common.mixins.json into net.minecraft.client.Minecraft
[041月2026 00:11:24.621] [modloading-worker-0/DEBUG] [mixin/]: Renaming synthetic method lambda$kjs$endResourceReload$1()V to mdcdc069$lambda$kjs$endResourceReload$1$0 in kubejs-common.mixins.json:MinecraftClientMixin
[041月2026 00:11:24.621] [modloading-worker-0/DEBUG] [mixin/]: Renaming synthetic method lambda$kjs$init$0()V to mdcdc069$lambda$kjs$init$0$1 in kubejs-common.mixins.json:MinecraftClientMixin
[041月2026 00:11:24.638] [modloading-worker-0/DEBUG] [mixin/]: Mixing light.ClientMixin from ars_nouveau.mixins.json into net.minecraft.client.Minecraft
[041月2026 00:11:24.639] [modloading-worker-0/DEBUG] [mixin/]: Mixing camera.MinecraftMixin from ars_nouveau.mixins.json into net.minecraft.client.Minecraft
[041月2026 00:11:24.742] [modloading-worker-0/DEBUG] [net.minecraftforge.fml.javafmlmod.AutomaticEventSubscriber/LOADING]: Attempting to inject @EventBusSubscriber classes into the eventbus for caelus
[041月2026 00:11:24.754] [modloading-worker-0/DEBUG] [mixin/]: Mixing ScreenMixin from kubejs-common.mixins.json into net.minecraft.client.gui.screens.Screen
[041月2026 00:11:24.755] [modloading-worker-0/DEBUG] [mixin/]: Mixing client.AccessorScreen from patchouli_xplat.mixins.json into net.minecraft.client.gui.screens.Screen
[041月2026 00:11:24.758] [modloading-worker-0/DEBUG] [net.minecraftforge.fml.config.ConfigTracker/CONFIG]: Config file jei-server.toml for jei tracking
[041月2026 00:11:24.778] [modloading-worker-0/DEBUG] [net.minecraftforge.fml.config.ConfigTracker/CONFIG]: Config file confluence-common.toml for confluence tracking
[041月2026 00:11:24.780] [modloading-worker-0/DEBUG] [mixin/]: Mixing MixinClientLevel from architectury.mixins.json into net.minecraft.client.multiplayer.ClientLevel
[041月2026 00:11:24.780] [modloading-worker-0/DEBUG] [net.minecraftforge.fml.config.ConfigTracker/CONFIG]: Config file confluence-client.toml for confluence tracking
[041月2026 00:11:24.782] [modloading-worker-0/DEBUG] [mixin/]: Mixing ClientLevelMixin from kubejs-common.mixins.json into net.minecraft.client.multiplayer.ClientLevel
[041月2026 00:11:24.782] [modloading-worker-0/DEBUG] [mixin/]: Mixing client.ClientLevelMixin from citadel.mixins.json into net.minecraft.client.multiplayer.ClientLevel
[041月2026 00:11:24.803] [modloading-worker-0/DEBUG] [mixin/]: Mixing client.LocalPlayerAccessor from confluence.mixins.json into net.minecraft.client.player.LocalPlayer
[041月2026 00:11:24.806] [modloading-worker-0/DEBUG] [mixin/]: Mixing client.LocalPlayerMixin from confluence.mixins.json into net.minecraft.client.player.LocalPlayer
[041月2026 00:11:24.808] [modloading-worker-0/DEBUG] [mixin/]: Mixing LocalPlayerMixin from mixins.irons_spellbooks.json into net.minecraft.client.player.LocalPlayer
[041月2026 00:11:24.809] [modloading-worker-0/DEBUG] [mixin/]: Mixing LocalPlayerMixin from kubejs-common.mixins.json into net.minecraft.client.player.LocalPlayer
[041月2026 00:11:24.809] [modloading-worker-0/DEBUG] [mixin/]: Mixing MixinLocalPlayer from caelus.mixins.json into net.minecraft.client.player.LocalPlayer
[041月2026 00:11:24.811] [modloading-worker-0/DEBUG] [mixin/]: Mixing elytra.ClientElytraMixin from ars_nouveau.mixins.json into net.minecraft.client.player.LocalPlayer
[041月2026 00:11:24.861] [modloading-worker-0/DEBUG] [mixin/]: Mixing MixinLevelEvent from architectury.mixins.json into net.minecraftforge.event.level.LevelEvent
[041月2026 00:11:24.863] [modloading-worker-0/DEBUG] [net.minecraftforge.versions.forge.ForgeVersion/CORE]: Forge Version package package net.minecraftforge.versions.forge, Forge, version 47.3 from cpw.mods.modlauncher.TransformingClassLoader@4519f676
[041月2026 00:11:24.863] [modloading-worker-0/DEBUG] [net.minecraftforge.versions.forge.ForgeVersion/CORE]: Found Forge version 47.3.29
[041月2026 00:11:24.863] [modloading-worker-0/DEBUG] [net.minecraftforge.versions.forge.ForgeVersion/CORE]: Found Forge spec 47.3
[041月2026 00:11:24.864] [modloading-worker-0/DEBUG] [net.minecraftforge.versions.forge.ForgeVersion/CORE]: Found Forge group net.minecraftforge
[041月2026 00:11:24.865] [modloading-worker-0/DEBUG] [net.minecraftforge.versions.mcp.MCPVersion/CORE]: MCP Version package package net.minecraftforge.versions.mcp, Minecraft, version 1.20.1 from cpw.mods.modlauncher.TransformingClassLoader@4519f676
[041月2026 00:11:24.865] [modloading-worker-0/DEBUG] [net.minecraftforge.versions.mcp.MCPVersion/CORE]: Found MC version information 1.20.1
[041月2026 00:11:24.865] [modloading-worker-0/DEBUG] [net.minecraftforge.versions.mcp.MCPVersion/CORE]: Found MCP version information 20230612.114412
[041月2026 00:11:24.865] [modloading-worker-0/INFO] [net.minecraftforge.common.ForgeMod/FORGEMOD]: Forge mod loading, version 47.3.29, for MC 1.20.1 with MCP 20230612.114412
[041月2026 00:11:24.867] [modloading-worker-0/DEBUG] [mixin/]: Mixing AbstractClientPlayerMixin from mixins.irons_spellbooks.json into net.minecraft.client.player.AbstractClientPlayer
[041月2026 00:11:24.868] [modloading-worker-0/INFO] [net.minecraftforge.common.MinecraftForge/FORGE]: MinecraftForge v47.3.29 Initialized
[041月2026 00:11:24.868] [modloading-worker-0/DEBUG] [mixin/]: Mixing AbstractClientPlayerMixin from kubejs-common.mixins.json into net.minecraft.client.player.AbstractClientPlayer
[041月2026 00:11:24.869] [modloading-worker-0/DEBUG] [mixin/]: Mixing client.AbstractClientPlayerMixin from citadel.mixins.json into net.minecraft.client.player.AbstractClientPlayer
[041月2026 00:11:24.897] [modloading-worker-0/DEBUG] [mixin/]: Mixing GameTypeMixin from attributeslib.mixins.json into net.minecraft.world.level.GameType
[041月2026 00:11:24.914] [modloading-worker-0/DEBUG] [mixin/]: Mixing DamageSourceMixin from kubejs-common.mixins.json into net.minecraft.world.damagesource.DamageSource
[041月2026 00:11:24.914] [modloading-worker-0/DEBUG] [mixin/]: Mixing DamageSourceMixin from ars_nouveau.mixins.json into net.minecraft.world.damagesource.DamageSource
[041月2026 00:11:24.915] [modloading-worker-0/DEBUG] [mixin/]: Renaming synthetic method lambda$spellDeathMessage$0(Lnet/minecraft/world/item/ItemStack;Lnet/minecraft/network/chat/Style;)Lnet/minecraft/network/chat/Style; to mdcdc069$lambda$spellDeathMessage$0$0 in ars_nouveau.mixins.json:DamageSourceMixin
[041月2026 00:11:24.956] [modloading-worker-0/DEBUG] [mixin/]: Mixing LoadingOverlayMixin from kubejs-common.mixins.json into net.minecraft.client.gui.screens.LoadingOverlay
[041月2026 00:11:24.973] [modloading-worker-0/DEBUG] [mixin/]: Mixing OptionsMixin from kubejs-common.mixins.json into net.minecraft.client.Options
[041月2026 00:11:24.991] [modloading-worker-0/DEBUG] [mixin/]: Mixing WindowMixin from kubejs-common.mixins.json into com.mojang.blaze3d.platform.Window
[041月2026 00:11:25.008] [modloading-worker-0/DEBUG] [mixin/]: Mixing ReloadableServerResourcesMixin from kubejs-common.mixins.json into net.minecraft.server.ReloadableServerResources
[041月2026 00:11:25.008] [modloading-worker-0/INFO] [Confluence/]: Registering icon items
[041月2026 00:11:25.010] [modloading-worker-0/DEBUG] [mixin/]: Mixing ServerResourcesMixin from placebo.mixins.json into net.minecraft.server.ReloadableServerResources
[041月2026 00:11:25.034] [modloading-worker-0/DEBUG] [mixin/]: Mixing InventoryChangeTriggerMixin from confluence.mixins.json into net.minecraft.advancements.critereon.InventoryChangeTrigger
[041月2026 00:11:25.045] [modloading-worker-0/DEBUG] [mixin/]: Mixing client.AccessorKeyMapping from patchouli_xplat.mixins.json into net.minecraft.client.KeyMapping
[041月2026 00:11:25.045] [modloading-worker-0/DEBUG] [mixin/]: Renaming @Accessor method getAllKeyMappings()Ljava/util/Map; to getAllKeyMappings_$md$cdc069$0 in patchouli_xplat.mixins.json:client.AccessorKeyMapping
[041月2026 00:11:25.051] [modloading-worker-0/DEBUG] [mixin/]: Mixing client.MixinInventoryScreen from patchouli_xplat.mixins.json into net.minecraft.client.gui.screens.inventory.InventoryScreen
[041月2026 00:11:25.052] [modloading-worker-0/DEBUG] [net.minecraftforge.coremod.transformer.CoreModBaseTransformer/COREMOD]: Transforming renderEffects with desc (Lnet/minecraft/client/gui/GuiGraphics;II)V
[041月2026 00:11:25.063] [modloading-worker-0/INFO] [net.minecraftforge.coremod.CoreMod.attributeslib/COREMODLOG]: Patching EffectRenderingInventoryScreen#renderEffects
[041月2026 00:11:25.087] [modloading-worker-0/DEBUG] [net.minecraftforge.coremod.transformer.CoreModBaseTransformer/COREMOD]: Transforming renderEffects with desc (Lnet/minecraft/client/gui/GuiGraphics;II)V
[041月2026 00:11:25.087] [modloading-worker-0/DEBUG] [mixin/]: Mixing AttributeInstanceAccessor from attributeslib.mixins.json into net.minecraft.world.entity.ai.attributes.AttributeInstance
[041月2026 00:11:25.090] [modloading-worker-0/INFO] [net.minecraftforge.coremod.CoreMod.attributeslib/COREMODLOG]: Patching EffectRenderingInventoryScreen#renderEffects
[041月2026 00:11:25.094] [modloading-worker-0/DEBUG] [mixin/]: Mixing client.AbstractContainerScreenMixin from attributeslib.mixins.json into net.minecraft.client.gui.screens.inventory.AbstractContainerScreen
[041月2026 00:11:25.094] [modloading-worker-0/DEBUG] [net.minecraftforge.fml.javafmlmod.AutomaticEventSubscriber/LOADING]: Attempting to inject @EventBusSubscriber classes into the eventbus for ars_extensions
[041月2026 00:11:25.095] [modloading-worker-0/DEBUG] [net.minecraftforge.fml.javafmlmod.AutomaticEventSubscriber/LOADING]: Auto-subscribing com.inolia_zaicek.ars_extensions.Event.TickEvent to FORGE
[041月2026 00:11:25.103] [modloading-worker-0/DEBUG] [mixin/]: Mixing MinecraftServerMixin from kubejs-common.mixins.json into net.minecraft.server.MinecraftServer
[041月2026 00:11:25.118] [modloading-worker-0/DEBUG] [mixin/]: Renaming synthetic method lambda$kjs$endResourceReload$1()V to mdcdc069$lambda$kjs$endResourceReload$1$0 in kubejs-common.mixins.json:MinecraftServerMixin
[041月2026 00:11:25.118] [modloading-worker-0/DEBUG] [mixin/]: Renaming synthetic method lambda$kjs$init$0()V to mdcdc069$lambda$kjs$init$0$1 in kubejs-common.mixins.json:MinecraftServerMixin
[041月2026 00:11:25.122] [modloading-worker-0/DEBUG] [mixin/]: Mixing inject_resources.MinecraftServerMixin from kubejs-common.mixins.json into net.minecraft.server.MinecraftServer
[041月2026 00:11:25.124] [modloading-worker-0/DEBUG] [mixin/]: Mixing MinecraftServerMixin from citadel.mixins.json into net.minecraft.server.MinecraftServer
[041月2026 00:11:25.169] [modloading-worker-0/DEBUG] [net.minecraftforge.coremod.transformer.CoreModBaseTransformer/COREMOD]: Transforming net/minecraft/world/level/levelgen/PhantomSpawner
[041月2026 00:11:25.174] [modloading-worker-0/DEBUG] [net.minecraftforge.coremod.transformer.CoreModBaseTransformer/COREMOD]: Transforming net/minecraft/world/level/levelgen/PatrolSpawner
[041月2026 00:11:25.179] [modloading-worker-0/DEBUG] [net.minecraftforge.coremod.transformer.CoreModBaseTransformer/COREMOD]: Transforming net/minecraft/world/entity/npc/CatSpawner
[041月2026 00:11:25.184] [modloading-worker-0/DEBUG] [net.minecraftforge.coremod.transformer.CoreModBaseTransformer/COREMOD]: Transforming net/minecraft/world/entity/ai/village/VillageSiege
[041月2026 00:11:25.248] [modloading-worker-0/DEBUG] [net.minecraftforge.fml.javafmlmod.AutomaticEventSubscriber/LOADING]: Auto-subscribing com.inolia_zaicek.ars_extensions.ModelProvider.ZeroingDataGenerators to MOD
[041月2026 00:11:25.252] [modloading-worker-0/INFO] [KubeJS/]: Loaded common.properties
[041月2026 00:11:25.254] [modloading-worker-0/INFO] [KubeJS/]: Loaded dev.properties
[041月2026 00:11:25.259] [modloading-worker-0/DEBUG] [mixin/]: Mixing GuiMixin from mixins.irons_spellbooks.json into net.minecraft.client.gui.Gui
[041月2026 00:11:25.260] [modloading-worker-0/DEBUG] [net.minecraftforge.fml.javafmlmod.AutomaticEventSubscriber/LOADING]: Attempting to inject @EventBusSubscriber classes into the eventbus for jade
[041月2026 00:11:25.284] [modloading-worker-0/INFO] [KubeJS Startup/]: Capturing errors for startup scripts enabled
[041月2026 00:11:25.287] [modloading-worker-0/INFO] [KubeJS/]: Looking for KubeJS plugins...
[041月2026 00:11:25.296] [modloading-worker-0/INFO] [KubeJS/]: Found plugin source kubejs
[041月2026 00:11:25.301] [modloading-worker-0/DEBUG] [mezz.jei.common.platform.Services/]: Loaded mezz.jei.forge.platform.PlatformHelper@c93e8f3 for service interface mezz.jei.common.platform.IPlatformHelper
[041月2026 00:11:25.301] [modloading-worker-0/WARN] [software.bernie.geckolib.GeckoLib/]: Minecraft.getInstance() was null, could not register reload listeners
[041月2026 00:11:25.316] [modloading-worker-0/WARN] [KubeJS/]: Plugin dev.latvian.mods.kubejs.integration.forge.gamestages.GameStagesIntegration does not have required mod gamestages loaded, skipping
[041月2026 00:11:25.320] [modloading-worker-0/DEBUG] [net.minecraftforge.fml.config.ConfigTracker/CONFIG]: Config file curios-client.toml for curios tracking
[041月2026 00:11:25.324] [modloading-worker-0/DEBUG] [net.minecraftforge.fml.config.ConfigTracker/CONFIG]: Config file forge-client.toml for forge tracking
[041月2026 00:11:25.324] [modloading-worker-0/DEBUG] [net.minecraftforge.fml.config.ConfigTracker/CONFIG]: Config file forge-server.toml for forge tracking
[041月2026 00:11:25.324] [modloading-worker-0/DEBUG] [net.minecraftforge.fml.ModLoadingContext/]: Attempted to register an empty config for type COMMON on mod forge
[041月2026 00:11:25.324] [modloading-worker-0/INFO] [KubeJS/]: Done in 32.39 ms
[041月2026 00:11:25.332] [modloading-worker-0/DEBUG] [net.minecraftforge.fml.config.ConfigTracker/CONFIG]: Config file curios-common.toml for curios tracking
[041月2026 00:11:25.332] [modloading-worker-0/DEBUG] [net.minecraftforge.fml.config.ConfigTracker/CONFIG]: Config file curios-server.toml for curios tracking
[041月2026 00:11:25.332] [modloading-worker-0/DEBUG] [net.minecraftforge.fml.javafmlmod.AutomaticEventSubscriber/LOADING]: Attempting to inject @EventBusSubscriber classes into the eventbus for curios
[041月2026 00:11:25.333] [modloading-worker-0/DEBUG] [net.minecraftforge.fml.javafmlmod.AutomaticEventSubscriber/LOADING]: Auto-subscribing top.theillusivec4.curios.Curios$ClientProxy to MOD
[041月2026 00:11:25.336] [modloading-worker-0/DEBUG] [mixin/]: Mixing EntityRendererMixin from mixins.irons_spellbooks.json into net.minecraft.client.renderer.entity.EntityRenderer
[041月2026 00:11:25.336] [modloading-worker-0/DEBUG] [mixin/]: Mixing light.EntityRendererMixin from ars_nouveau.mixins.json into net.minecraft.client.renderer.entity.EntityRenderer
[041月2026 00:11:25.355] [modloading-worker-0/DEBUG] [mixin/]: Mixing client.LivingEntityRendererMixin from confluence.mixins.json into net.minecraft.client.renderer.entity.LivingEntityRenderer
[041月2026 00:11:25.356] [modloading-worker-0/DEBUG] [mixin/]: Mixing client.LivingEntityRendererMixin from citadel.mixins.json into net.minecraft.client.renderer.entity.LivingEntityRenderer
[041月2026 00:11:25.357] [modloading-worker-0/DEBUG] [mixin/]: Mixing firstPerson.LivingEntityRendererMixin from playerAnimator-common.mixins.json into net.minecraft.client.renderer.entity.LivingEntityRenderer
[041月2026 00:11:25.357] [modloading-worker-0/DEBUG] [mixin/]: playerAnimator-common.mixins.json:firstPerson.LivingEntityRendererMixin: Class version 61 required is higher than the class version supported by the current version of Mixin (JAVA_16 supports class version 60)
[041月2026 00:11:25.358] [modloading-worker-0/DEBUG] [mixin/]: Renaming synthetic method lambda$filterLayers$0(Ljava/lang/Object;)Z to mdcdc069$lambda$filterLayers$0$0 in playerAnimator-common.mixins.json:firstPerson.LivingEntityRendererMixin
[041月2026 00:11:25.405] [modloading-worker-0/DEBUG] [mixin/]: Mixing FeatureRendererMixin from playerAnimator-common.mixins.json into net.minecraft.client.renderer.entity.layers.RenderLayer
[041月2026 00:11:25.405] [modloading-worker-0/DEBUG] [mixin/]: playerAnimator-common.mixins.json:FeatureRendererMixin: Class version 61 required is higher than the class version supported by the current version of Mixin (JAVA_16 supports class version 60)
[041月2026 00:11:25.408] [modloading-worker-0/DEBUG] [net.minecraftforge.fml.config.ConfigTracker/CONFIG]: Config file dummmmmmy-client.toml for dummmmmmy tracking
[041月2026 00:11:25.420] [modloading-worker-0/DEBUG] [mixin/]: Mixing RecipeManagerAccessor from kubejs-forge.mixins.json into net.minecraft.world.item.crafting.RecipeManager
[041月2026 00:11:25.422] [modloading-worker-0/DEBUG] [net.minecraftforge.fml.config.ConfigTracker/CONFIG]: Config file dummmmmmy-common.toml for dummmmmmy tracking
[041月2026 00:11:25.425] [modloading-worker-0/DEBUG] [mixin/]: Mixing RecipeManagerMixin from kubejs-common.mixins.json into net.minecraft.world.item.crafting.RecipeManager
[041月2026 00:11:25.450] [modloading-worker-0/DEBUG] [mixin/]: Mixing ConditionHackMixin from moonlight.mixins.json into net.minecraft.server.packs.resources.SimplePreparableReloadListener
[041月2026 00:11:25.451] [modloading-worker-0/DEBUG] [net.minecraftforge.fml.config.ConfigTracker/CONFIG]: Config file patchouli-client.toml for patchouli tracking
[041月2026 00:11:25.472] [modloading-worker-0/DEBUG] [net.minecraftforge.fml.javafmlmod.AutomaticEventSubscriber/LOADING]: Attempting to inject @EventBusSubscriber classes into the eventbus for patchouli
[041月2026 00:11:25.472] [modloading-worker-0/DEBUG] [net.minecraftforge.fml.javafmlmod.AutomaticEventSubscriber/LOADING]: Auto-subscribing vazkii.patchouli.forge.common.ForgeModInitializer to MOD
[041月2026 00:11:25.475] [modloading-worker-0/DEBUG] [net.minecraftforge.fml.javafmlmod.AutomaticEventSubscriber/LOADING]: Auto-subscribing vazkii.patchouli.forge.client.ForgeClientInitializer to MOD
[041月2026 00:11:25.490] [modloading-worker-0/DEBUG] [net.minecraftforge.fml.javafmlmod.AutomaticEventSubscriber/LOADING]: Attempting to inject @EventBusSubscriber classes into the eventbus for dummmmmmy
[041月2026 00:11:25.492] [modloading-worker-0/DEBUG] [net.minecraftforge.fml.javafmlmod.AutomaticEventSubscriber/LOADING]: Attempting to inject @EventBusSubscriber classes into the eventbus for forge
[041月2026 00:11:25.492] [modloading-worker-0/DEBUG] [net.minecraftforge.fml.javafmlmod.AutomaticEventSubscriber/LOADING]: Auto-subscribing net.minecraftforge.common.ForgeSpawnEggItem$CommonHandler to MOD
[041月2026 00:11:25.495] [modloading-worker-0/DEBUG] [net.minecraftforge.fml.javafmlmod.AutomaticEventSubscriber/LOADING]: Auto-subscribing net.minecraftforge.common.ForgeSpawnEggItem$ColorRegisterHandler to MOD
[041月2026 00:11:25.509] [modloading-worker-0/DEBUG] [net.minecraftforge.fml.javafmlmod.AutomaticEventSubscriber/LOADING]: Auto-subscribing net.minecraftforge.client.model.data.ModelDataManager to FORGE
[041月2026 00:11:25.514] [modloading-worker-0/DEBUG] [net.minecraftforge.fml.javafmlmod.AutomaticEventSubscriber/LOADING]: Attempting to inject @EventBusSubscriber classes into the eventbus for placebo
[041月2026 00:11:25.515] [modloading-worker-0/DEBUG] [net.minecraftforge.fml.javafmlmod.AutomaticEventSubscriber/LOADING]: Auto-subscribing dev.shadowsoffire.placebo.util.PlaceboTaskQueue to FORGE
[041月2026 00:11:25.530] [modloading-worker-0/DEBUG] [net.minecraftforge.fml.javafmlmod.AutomaticEventSubscriber/LOADING]: Auto-subscribing net.minecraftforge.client.ForgeHooksClient$ClientEvents to MOD
[041月2026 00:11:25.537] [modloading-worker-0/DEBUG] [net.minecraftforge.fml.javafmlmod.AutomaticEventSubscriber/LOADING]: Auto-subscribing dev.shadowsoffire.placebo.patreon.PatreonPreview to FORGE
[041月2026 00:11:25.540] [modloading-worker-0/DEBUG] [net.minecraftforge.fml.javafmlmod.AutomaticEventSubscriber/LOADING]: Auto-subscribing dev.shadowsoffire.placebo.PlaceboClient to MOD
[041月2026 00:11:25.542] [modloading-worker-0/DEBUG] [net.minecraftforge.fml.javafmlmod.AutomaticEventSubscriber/LOADING]: Attempting to inject @EventBusSubscriber classes into the eventbus for attributeslib
[041月2026 00:11:25.558] [modloading-worker-0/DEBUG] [net.minecraftforge.fml.config.ConfigTracker/CONFIG]: Config file moonlight-common.toml for moonlight tracking
[041月2026 00:11:25.584] [modloading-worker-0/DEBUG] [net.minecraftforge.fml.javafmlmod.AutomaticEventSubscriber/LOADING]: Auto-subscribing net.minecraftforge.client.ClientForgeMod to MOD
[041月2026 00:11:25.588] [modloading-worker-0/DEBUG] [mixin/]: Mixing ButtonAccessor from moonlight.mixins.json into net.minecraft.client.gui.components.Button
[041月2026 00:11:25.599] [modloading-worker-0/DEBUG] [mixin/]: Mixing IngredientsWithChildrenMixin from kubejs-forge.mixins.json into net.minecraftforge.common.crafting.CompoundIngredient
[041月2026 00:11:25.628] [modloading-worker-0/DEBUG] [net.minecraftforge.fml.config.ConfigTracker/CONFIG]: Config file ars_nouveau/glyph_projectile.toml for ars_nouveau tracking
[041月2026 00:11:25.631] [modloading-worker-0/DEBUG] [net.minecraftforge.fml.config.ConfigTracker/CONFIG]: Config file ars_nouveau/glyph_touch.toml for ars_nouveau tracking
[041月2026 00:11:25.632] [modloading-worker-0/DEBUG] [net.minecraftforge.fml.config.ConfigTracker/CONFIG]: Config file ars_nouveau/glyph_self.toml for ars_nouveau tracking
[041月2026 00:11:25.634] [modloading-worker-0/DEBUG] [mixin/]: Mixing firstPerson.LevelRendererMixin from playerAnimator-common.mixins.json into net.minecraft.client.renderer.LevelRenderer
[041月2026 00:11:25.634] [modloading-worker-0/DEBUG] [mixin/]: playerAnimator-common.mixins.json:firstPerson.LevelRendererMixin: Class version 61 required is higher than the class version supported by the current version of Mixin (JAVA_16 supports class version 60)
[041月2026 00:11:25.636] [modloading-worker-0/DEBUG] [mixin/]: Mixing light.LevelRendererMixin from ars_nouveau.mixins.json into net.minecraft.client.renderer.LevelRenderer
[041月2026 00:11:25.637] [modloading-worker-0/DEBUG] [mixin/]: Mixing client.MixinLevelRenderer from patchouli_xplat.mixins.json into net.minecraft.client.renderer.LevelRenderer
[041月2026 00:11:25.639] [modloading-worker-0/DEBUG] [mixin/]: Mixing client.LevelRendererMixin from citadel.mixins.json into net.minecraft.client.renderer.LevelRenderer
[041月2026 00:11:25.649] [modloading-worker-0/DEBUG] [mixin/]: Mixing camera.LevelRendererMixin from ars_nouveau.mixins.json into net.minecraft.client.renderer.LevelRenderer
[041月2026 00:11:25.839] [modloading-worker-0/DEBUG] [net.minecraftforge.fml.config.ConfigTracker/CONFIG]: Config file ars_nouveau/glyph_break.toml for ars_nouveau tracking
[041月2026 00:11:25.847] [modloading-worker-0/DEBUG] [net.minecraftforge.fml.config.ConfigTracker/CONFIG]: Config file ars_nouveau/glyph_harm.toml for ars_nouveau tracking
[041月2026 00:11:25.848] [modloading-worker-0/DEBUG] [net.minecraftforge.fml.config.ConfigTracker/CONFIG]: Config file ars_nouveau/glyph_ignite.toml for ars_nouveau tracking
[041月2026 00:11:25.849] [modloading-worker-0/DEBUG] [net.minecraftforge.fml.config.ConfigTracker/CONFIG]: Config file ars_nouveau/glyph_phantom_block.toml for ars_nouveau tracking
[041月2026 00:11:25.851] [modloading-worker-0/DEBUG] [net.minecraftforge.fml.config.ConfigTracker/CONFIG]: Config file ars_nouveau/glyph_heal.toml for ars_nouveau tracking
[041月2026 00:11:25.851] [modloading-worker-0/DEBUG] [net.minecraftforge.fml.config.ConfigTracker/CONFIG]: Config file ars_nouveau/glyph_grow.toml for ars_nouveau tracking
[041月2026 00:11:25.855] [modloading-worker-0/DEBUG] [net.minecraftforge.fml.config.ConfigTracker/CONFIG]: Config file ars_nouveau/glyph_gust.toml for ars_nouveau tracking
[041月2026 00:11:25.857] [modloading-worker-0/DEBUG] [net.minecraftforge.fml.config.ConfigTracker/CONFIG]: Config file ars_nouveau/glyph_light.toml for ars_nouveau tracking
[041月2026 00:11:25.860] [modloading-worker-0/DEBUG] [net.minecraftforge.fml.config.ConfigTracker/CONFIG]: Config file ars_nouveau/glyph_dispel.toml for ars_nouveau tracking
[041月2026 00:11:25.864] [modloading-worker-0/DEBUG] [net.minecraftforge.fml.config.ConfigTracker/CONFIG]: Config file ars_nouveau/glyph_launch.toml for ars_nouveau tracking
[041月2026 00:11:25.865] [modloading-worker-0/DEBUG] [net.minecraftforge.fml.config.ConfigTracker/CONFIG]: Config file ars_nouveau/glyph_pull.toml for ars_nouveau tracking
[041月2026 00:11:25.867] [modloading-worker-0/DEBUG] [net.minecraftforge.fml.config.ConfigTracker/CONFIG]: Config file ars_nouveau/glyph_blink.toml for ars_nouveau tracking
[041月2026 00:11:25.869] [modloading-worker-0/DEBUG] [mixin/]: Mixing CropBlockMixin from kubejs-forge.mixins.json into dev.latvian.mods.kubejs.block.custom.BasicCropBlockJS
[041月2026 00:11:25.869] [modloading-worker-0/DEBUG] [net.minecraftforge.fml.config.ConfigTracker/CONFIG]: Config file ars_nouveau/glyph_explosion.toml for ars_nouveau tracking
[041月2026 00:11:25.877] [modloading-worker-0/DEBUG] [net.minecraftforge.fml.config.ConfigTracker/CONFIG]: Config file ars_nouveau/glyph_lightning.toml for ars_nouveau tracking
[041月2026 00:11:25.880] [modloading-worker-0/DEBUG] [net.minecraftforge.fml.config.ConfigTracker/CONFIG]: Config file ars_nouveau/glyph_slowfall.toml for ars_nouveau tracking
[041月2026 00:11:25.882] [modloading-worker-0/DEBUG] [mixin/]: Mixing firstPerson.CameraAccessor from playerAnimator-common.mixins.json into net.minecraft.client.Camera
[041月2026 00:11:25.882] [modloading-worker-0/DEBUG] [mixin/]: playerAnimator-common.mixins.json:firstPerson.CameraAccessor: Class version 61 required is higher than the class version supported by the current version of Mixin (JAVA_16 supports class version 60)
[041月2026 00:11:25.882] [modloading-worker-0/DEBUG] [net.minecraftforge.fml.config.ConfigTracker/CONFIG]: Config file ars_nouveau/glyph_fangs.toml for ars_nouveau tracking
[041月2026 00:11:25.889] [modloading-worker-0/DEBUG] [net.minecraftforge.fml.config.ConfigTracker/CONFIG]: Config file ars_nouveau/glyph_summon_vex.toml for ars_nouveau tracking
[041月2026 00:11:25.889] [modloading-worker-0/DEBUG] [net.minecraftforge.fml.config.ConfigTracker/CONFIG]: Config file ars_nouveau/glyph_accelerate.toml for ars_nouveau tracking
[041月2026 00:11:25.890] [modloading-worker-0/DEBUG] [net.minecraftforge.fml.config.ConfigTracker/CONFIG]: Config file ars_nouveau/glyph_decelerate.toml for ars_nouveau tracking
[041月2026 00:11:25.891] [modloading-worker-0/DEBUG] [net.minecraftforge.fml.config.ConfigTracker/CONFIG]: Config file ars_nouveau/glyph_split.toml for ars_nouveau tracking
[041月2026 00:11:25.891] [modloading-worker-0/DEBUG] [net.minecraftforge.fml.config.ConfigTracker/CONFIG]: Config file ars_nouveau/glyph_amplify.toml for ars_nouveau tracking
[041月2026 00:11:25.892] [modloading-worker-0/DEBUG] [net.minecraftforge.fml.javafmlmod.AutomaticEventSubscriber/LOADING]: Attempting to inject @EventBusSubscriber classes into the eventbus for geckolib
[041月2026 00:11:25.892] [modloading-worker-0/DEBUG] [net.minecraftforge.fml.config.ConfigTracker/CONFIG]: Config file ars_nouveau/glyph_aoe.toml for ars_nouveau tracking
[041月2026 00:11:25.892] [modloading-worker-0/DEBUG] [net.minecraftforge.fml.javafmlmod.AutomaticEventSubscriber/LOADING]: Auto-subscribing software.bernie.example.GeckoLibMod to FORGE
[041月2026 00:11:25.892] [modloading-worker-0/DEBUG] [net.minecraftforge.fml.javafmlmod.AutomaticEventSubscriber/LOADING]: Auto-subscribing software.bernie.example.CommonListener to MOD
[041月2026 00:11:25.893] [modloading-worker-0/DEBUG] [net.minecraftforge.fml.config.ConfigTracker/CONFIG]: Config file ars_nouveau/glyph_extend_time.toml for ars_nouveau tracking
[041月2026 00:11:25.893] [modloading-worker-0/DEBUG] [net.minecraftforge.fml.config.ConfigTracker/CONFIG]: Config file ars_nouveau/glyph_pierce.toml for ars_nouveau tracking
[041月2026 00:11:25.894] [modloading-worker-0/DEBUG] [net.minecraftforge.fml.config.ConfigTracker/CONFIG]: Config file ars_nouveau/glyph_dampen.toml for ars_nouveau tracking
[041月2026 00:11:25.895] [modloading-worker-0/DEBUG] [net.minecraftforge.fml.config.ConfigTracker/CONFIG]: Config file ars_nouveau/glyph_extract.toml for ars_nouveau tracking
[041月2026 00:11:25.895] [modloading-worker-0/DEBUG] [net.minecraftforge.fml.config.ConfigTracker/CONFIG]: Config file ars_nouveau/glyph_fortune.toml for ars_nouveau tracking
[041月2026 00:11:25.897] [modloading-worker-0/DEBUG] [net.minecraftforge.fml.config.ConfigTracker/CONFIG]: Config file ars_nouveau/glyph_ender_inventory.toml for ars_nouveau tracking
[041月2026 00:11:25.898] [modloading-worker-0/DEBUG] [net.minecraftforge.fml.javafmlmod.AutomaticEventSubscriber/LOADING]: Auto-subscribing software.bernie.example.ClientListener to MOD
[041月2026 00:11:25.899] [modloading-worker-0/DEBUG] [net.minecraftforge.fml.config.ConfigTracker/CONFIG]: Config file ars_nouveau/glyph_harvest.toml for ars_nouveau tracking
[041月2026 00:11:25.900] [modloading-worker-0/DEBUG] [net.minecraftforge.fml.config.ConfigTracker/CONFIG]: Config file ars_nouveau/glyph_fell.toml for ars_nouveau tracking
[041月2026 00:11:25.903] [modloading-worker-0/DEBUG] [net.minecraftforge.fml.config.ConfigTracker/CONFIG]: Config file ars_nouveau/glyph_pickup.toml for ars_nouveau tracking
[041月2026 00:11:25.904] [modloading-worker-0/DEBUG] [net.minecraftforge.fml.config.ConfigTracker/CONFIG]: Config file ars_nouveau/glyph_interact.toml for ars_nouveau tracking
[041月2026 00:11:25.904] [modloading-worker-0/DEBUG] [net.minecraftforge.fml.config.ConfigTracker/CONFIG]: Config file ars_nouveau/glyph_place_block.toml for ars_nouveau tracking
[041月2026 00:11:25.906] [modloading-worker-0/DEBUG] [net.minecraftforge.fml.config.ConfigTracker/CONFIG]: Config file ars_nouveau/glyph_snare.toml for ars_nouveau tracking
[041月2026 00:11:25.907] [modloading-worker-0/DEBUG] [net.minecraftforge.fml.config.ConfigTracker/CONFIG]: Config file ars_nouveau/glyph_smelt.toml for ars_nouveau tracking
[041月2026 00:11:25.907] [modloading-worker-0/DEBUG] [net.minecraftforge.fml.javafmlmod.AutomaticEventSubscriber/LOADING]: Attempting to inject @EventBusSubscriber classes into the eventbus for architectury
[041月2026 00:11:25.907] [modloading-worker-0/DEBUG] [net.minecraftforge.fml.javafmlmod.AutomaticEventSubscriber/LOADING]: Auto-subscribing dev.architectury.registry.level.entity.trade.forge.TradeRegistryImpl to FORGE
[041月2026 00:11:25.908] [modloading-worker-0/DEBUG] [net.minecraftforge.fml.config.ConfigTracker/CONFIG]: Config file ars_nouveau/glyph_leap.toml for ars_nouveau tracking
[041月2026 00:11:25.909] [modloading-worker-0/DEBUG] [mixin/]: Mixing PlayerRendererMixin from playerAnimator-common.mixins.json into net.minecraft.client.renderer.entity.player.PlayerRenderer
[041月2026 00:11:25.909] [modloading-worker-0/DEBUG] [mixin/]: playerAnimator-common.mixins.json:PlayerRendererMixin: Class version 61 required is higher than the class version supported by the current version of Mixin (JAVA_16 supports class version 60)
[041月2026 00:11:25.910] [modloading-worker-0/DEBUG] [net.minecraftforge.fml.config.ConfigTracker/CONFIG]: Config file ars_nouveau/glyph_delay.toml for ars_nouveau tracking
[041月2026 00:11:25.910] [modloading-worker-0/DEBUG] [net.minecraftforge.fml.config.ConfigTracker/CONFIG]: Config file ars_nouveau/glyph_redstone_signal.toml for ars_nouveau tracking
[041月2026 00:11:25.913] [modloading-worker-0/DEBUG] [net.minecraftforge.fml.config.ConfigTracker/CONFIG]: Config file ars_nouveau/glyph_intangible.toml for ars_nouveau tracking
[041月2026 00:11:25.914] [modloading-worker-0/DEBUG] [net.minecraftforge.fml.config.ConfigTracker/CONFIG]: Config file ars_nouveau/glyph_invisibility.toml for ars_nouveau tracking
[041月2026 00:11:25.914] [modloading-worker-0/DEBUG] [net.minecraftforge.fml.config.ConfigTracker/CONFIG]: Config file ars_nouveau/glyph_duration_down.toml for ars_nouveau tracking
[041月2026 00:11:25.915] [modloading-worker-0/DEBUG] [net.minecraftforge.fml.config.ConfigTracker/CONFIG]: Config file ars_nouveau/glyph_wither.toml for ars_nouveau tracking
[041月2026 00:11:25.915] [modloading-worker-0/DEBUG] [net.minecraftforge.fml.config.ConfigTracker/CONFIG]: Config file ars_nouveau/glyph_exchange.toml for ars_nouveau tracking
[041月2026 00:11:25.972] [modloading-worker-0/DEBUG] [net.minecraftforge.fml.config.ConfigTracker/CONFIG]: Config file ars_nouveau/glyph_craft.toml for ars_nouveau tracking
[041月2026 00:11:25.972] [modloading-worker-0/DEBUG] [net.minecraftforge.fml.javafmlmod.AutomaticEventSubscriber/LOADING]: Auto-subscribing dev.architectury.registry.forge.ReloadListenerRegistryImpl to FORGE
[041月2026 00:11:25.974] [modloading-worker-0/DEBUG] [net.minecraftforge.fml.config.ConfigTracker/CONFIG]: Config file ars_nouveau/glyph_flare.toml for ars_nouveau tracking
[041月2026 00:11:25.974] [modloading-worker-0/DEBUG] [net.minecraftforge.fml.javafmlmod.AutomaticEventSubscriber/LOADING]: Auto-subscribing dev.architectury.registry.forge.CreativeTabRegistryImpl to MOD
[041月2026 00:11:25.976] [modloading-worker-0/DEBUG] [net.minecraftforge.fml.config.ConfigTracker/CONFIG]: Config file ars_nouveau/glyph_cold_snap.toml for ars_nouveau tracking
[041月2026 00:11:25.976] [modloading-worker-0/DEBUG] [net.minecraftforge.fml.config.ConfigTracker/CONFIG]: Config file ars_nouveau/glyph_conjure_water.toml for ars_nouveau tracking
[041月2026 00:11:25.978] [modloading-worker-0/DEBUG] [net.minecraftforge.fml.config.ConfigTracker/CONFIG]: Config file ars_nouveau/glyph_gravity.toml for ars_nouveau tracking
[041月2026 00:11:25.980] [modloading-worker-0/DEBUG] [net.minecraftforge.fml.config.ConfigTracker/CONFIG]: Config file ars_nouveau/glyph_cut.toml for ars_nouveau tracking
[041月2026 00:11:25.981] [modloading-worker-0/DEBUG] [net.minecraftforge.fml.config.ConfigTracker/CONFIG]: Config file citadel-common.toml for citadel tracking
[041月2026 00:11:25.981] [modloading-worker-0/DEBUG] [net.minecraftforge.fml.config.ConfigTracker/CONFIG]: Config file ars_nouveau/glyph_crush.toml for ars_nouveau tracking
[041月2026 00:11:25.982] [modloading-worker-0/DEBUG] [net.minecraftforge.fml.config.ConfigTracker/CONFIG]: Config file ars_nouveau/glyph_summon_wolves.toml for ars_nouveau tracking
[041月2026 00:11:25.983] [modloading-worker-0/DEBUG] [net.minecraftforge.fml.config.ConfigTracker/CONFIG]: Config file ars_nouveau/glyph_summon_steed.toml for ars_nouveau tracking
[041月2026 00:11:25.987] [modloading-worker-0/DEBUG] [net.minecraftforge.fml.javafmlmod.AutomaticEventSubscriber/LOADING]: Attempting to inject @EventBusSubscriber classes into the eventbus for citadel
[041月2026 00:11:25.987] [modloading-worker-0/DEBUG] [net.minecraftforge.fml.javafmlmod.AutomaticEventSubscriber/LOADING]: Auto-subscribing com.github.alexthe666.citadel.ServerProxy to MOD
[041月2026 00:11:25.987] [modloading-worker-0/DEBUG] [net.minecraftforge.fml.config.ConfigTracker/CONFIG]: Config file ars_nouveau/glyph_summon_decoy.toml for ars_nouveau tracking
[041月2026 00:11:25.987] [modloading-worker-0/DEBUG] [net.minecraftforge.fml.javafmlmod.AutomaticEventSubscriber/LOADING]: Auto-subscribing com.github.alexthe666.citadel.ClientProxy to MOD
[041月2026 00:11:25.989] [modloading-worker-0/DEBUG] [net.minecraftforge.fml.config.ConfigTracker/CONFIG]: Config file ars_nouveau/glyph_hex.toml for ars_nouveau tracking
[041月2026 00:11:25.990] [modloading-worker-0/DEBUG] [net.minecraftforge.fml.config.ConfigTracker/CONFIG]: Config file ars_nouveau/glyph_underfoot.toml for ars_nouveau tracking
[041月2026 00:11:25.990] [modloading-worker-0/DEBUG] [mezz.jei.common.config.file.ConfigSerializer/]: Loading config file: F:\ArsExtensions\run-data\config\jei\jei-debug.ini
[041月2026 00:11:25.991] [modloading-worker-0/DEBUG] [net.minecraftforge.fml.config.ConfigTracker/CONFIG]: Config file ars_nouveau/glyph_glide.toml for ars_nouveau tracking
[041月2026 00:11:25.991] [modloading-worker-0/DEBUG] [net.minecraftforge.fml.config.ConfigTracker/CONFIG]: Config file ars_nouveau/glyph_rune.toml for ars_nouveau tracking
[041月2026 00:11:25.992] [modloading-worker-0/DEBUG] [net.minecraftforge.fml.config.ConfigTracker/CONFIG]: Config file ars_nouveau/glyph_freeze.toml for ars_nouveau tracking
[041月2026 00:11:25.993] [modloading-worker-0/DEBUG] [net.minecraftforge.fml.config.ConfigTracker/CONFIG]: Config file ars_nouveau/glyph_name.toml for ars_nouveau tracking
[041月2026 00:11:25.993] [modloading-worker-0/DEBUG] [net.minecraftforge.fml.javafmlmod.AutomaticEventSubscriber/LOADING]: Auto-subscribing dev.architectury.registry.client.particle.forge.ParticleProviderRegistryImpl to MOD
[041月2026 00:11:25.993] [modloading-worker-0/DEBUG] [net.minecraftforge.fml.config.ConfigTracker/CONFIG]: Config file ars_nouveau/glyph_summon_undead.toml for ars_nouveau tracking
[041月2026 00:11:25.998] [modloading-worker-0/DEBUG] [net.minecraftforge.fml.config.ConfigTracker/CONFIG]: Config file ars_nouveau/glyph_firework.toml for ars_nouveau tracking
[041月2026 00:11:25.999] [modloading-worker-0/DEBUG] [net.minecraftforge.fml.config.ConfigTracker/CONFIG]: Config file ars_nouveau/glyph_toss.toml for ars_nouveau tracking
[041月2026 00:11:25.999] [modloading-worker-0/DEBUG] [net.minecraftforge.fml.config.ConfigTracker/CONFIG]: Config file moonlight-client.toml for moonlight tracking
[041月2026 00:11:26.000] [modloading-worker-0/DEBUG] [net.minecraftforge.fml.config.ConfigTracker/CONFIG]: Config file ars_nouveau/glyph_bounce.toml for ars_nouveau tracking
[041月2026 00:11:26.000] [modloading-worker-0/DEBUG] [net.minecraftforge.fml.config.ConfigTracker/CONFIG]: Config file ars_nouveau/glyph_sensitive.toml for ars_nouveau tracking
[041月2026 00:11:26.000] [modloading-worker-0/DEBUG] [net.minecraftforge.fml.javafmlmod.AutomaticEventSubscriber/LOADING]: Auto-subscribing dev.architectury.registry.client.keymappings.forge.KeyMappingRegistryImpl to MOD
[041月2026 00:11:26.001] [modloading-worker-0/DEBUG] [net.minecraftforge.fml.config.ConfigTracker/CONFIG]: Config file ars_nouveau/glyph_wind_shear.toml for ars_nouveau tracking
[041月2026 00:11:26.001] [modloading-worker-0/DEBUG] [net.minecraftforge.fml.config.ConfigTracker/CONFIG]: Config file ars_nouveau/glyph_evaporate.toml for ars_nouveau tracking
[041月2026 00:11:26.002] [modloading-worker-0/DEBUG] [net.minecraftforge.fml.javafmlmod.AutomaticEventSubscriber/LOADING]: Auto-subscribing dev.architectury.networking.forge.NetworkManagerImpl to FORGE
[041月2026 00:11:26.004] [modloading-worker-0/DEBUG] [net.minecraftforge.fml.config.ConfigTracker/CONFIG]: Config file ars_nouveau/glyph_linger.toml for ars_nouveau tracking
[041月2026 00:11:26.004] [modloading-worker-0/DEBUG] [net.minecraftforge.fml.config.ConfigTracker/CONFIG]: Config file ars_nouveau/glyph_sense_magic.toml for ars_nouveau tracking
[041月2026 00:11:26.004] [modloading-worker-0/DEBUG] [mezz.jei.common.config.file.ConfigSerializer/]: Saving config file: F:\ArsExtensions\run-data\config\jei\jei-debug.ini
[041月2026 00:11:26.005] [modloading-worker-0/DEBUG] [net.minecraftforge.fml.config.ConfigTracker/CONFIG]: Config file ars_nouveau/glyph_infuse.toml for ars_nouveau tracking
[041月2026 00:11:26.005] [modloading-worker-0/DEBUG] [net.minecraftforge.fml.config.ConfigTracker/CONFIG]: Config file ars_nouveau/glyph_rotate.toml for ars_nouveau tracking
[041月2026 00:11:26.008] [modloading-worker-0/DEBUG] [net.minecraftforge.fml.config.ConfigTracker/CONFIG]: Config file ars_nouveau/glyph_wall.toml for ars_nouveau tracking
[041月2026 00:11:26.012] [modloading-worker-0/INFO] [dev.architectury.networking.forge.NetworkManagerImpl/]: Registering S2C receiver with id architectury:sync_ids
[041月2026 00:11:26.015] [modloading-worker-0/INFO] [dev.architectury.networking.forge.NetworkManagerImpl/]: Registering C2S receiver with id architectury:sync_ids
[041月2026 00:11:26.016] [modloading-worker-0/DEBUG] [net.minecraftforge.fml.config.ConfigTracker/CONFIG]: Config file ars_nouveau/glyph_animate_block.toml for ars_nouveau tracking
[041月2026 00:11:26.017] [modloading-worker-0/DEBUG] [net.minecraftforge.fml.config.ConfigTracker/CONFIG]: Config file ars_nouveau/burst.toml for ars_nouveau tracking
[041月2026 00:11:26.017] [modloading-worker-0/DEBUG] [net.minecraftforge.fml.config.ConfigTracker/CONFIG]: Config file ars_nouveau/glyph_randomize.toml for ars_nouveau tracking
[041月2026 00:11:26.019] [modloading-worker-0/DEBUG] [net.minecraftforge.fml.config.ConfigTracker/CONFIG]: Config file ars_nouveau/glyph_orbit.toml for ars_nouveau tracking
[041月2026 00:11:26.019] [modloading-worker-0/DEBUG] [net.minecraftforge.fml.config.ConfigTracker/CONFIG]: Config file ars_nouveau/reset.toml for ars_nouveau tracking
[041月2026 00:11:26.020] [modloading-worker-0/DEBUG] [mezz.jei.common.config.file.ConfigSerializer/]: Loading config file: F:\ArsExtensions\run-data\config\jei\jei-mod-id-format.ini
[041月2026 00:11:26.022] [modloading-worker-0/DEBUG] [mezz.jei.common.config.file.ConfigSerializer/]: Saving config file: F:\ArsExtensions\run-data\config\jei\jei-mod-id-format.ini
[041月2026 00:11:26.026] [modloading-worker-0/DEBUG] [net.minecraftforge.fml.config.ConfigTracker/CONFIG]: Config file ars_nouveau/wololo.toml for ars_nouveau tracking
[041月2026 00:11:26.026] [modloading-worker-0/DEBUG] [net.minecraftforge.fml.config.ConfigTracker/CONFIG]: Config file ars_nouveau/rewind.toml for ars_nouveau tracking
[041月2026 00:11:26.033] [modloading-worker-0/DEBUG] [mezz.jei.common.config.file.ConfigSerializer/]: Loading config file: F:\ArsExtensions\run-data\config\jei\jei-colors.ini
[041月2026 00:11:26.036] [modloading-worker-0/DEBUG] [mixin/]: Mixing EventHandlerBridgeMixin from kubejs-common.mixins.json into dev.latvian.mods.kubejs.event.EventHandler
[041月2026 00:11:26.037] [modloading-worker-0/DEBUG] [mezz.jei.common.config.file.ConfigSerializer/]: Saving config file: F:\ArsExtensions\run-data\config\jei\jei-colors.ini
[041月2026 00:11:26.045] [modloading-worker-0/DEBUG] [mixin/]: Mixing EventHandlerInvoker from kubejs-common.mixins.json into dev.latvian.mods.kubejs.event.EventHandler
[041月2026 00:11:26.059] [modloading-worker-0/DEBUG] [mixin/]: Mixing PlayerListMixin from kubejs-common.mixins.json into net.minecraft.server.players.PlayerList
[041月2026 00:11:26.061] [modloading-worker-0/DEBUG] [mixin/]: Mixing camera.PlayerListMixin from ars_nouveau.mixins.json into net.minecraft.server.players.PlayerList
[041月2026 00:11:26.100] [modloading-worker-0/DEBUG] [mezz.jei.common.config.file.ConfigSerializer/]: Loading config file: F:\ArsExtensions\run-data\config\jei\jei-client.ini
[041月2026 00:11:26.103] [modloading-worker-0/DEBUG] [mezz.jei.common.config.file.ConfigSerializer/]: Saving config file: F:\ArsExtensions\run-data\config\jei\jei-client.ini
[041月2026 00:11:26.105] [modloading-worker-0/DEBUG] [net.minecraftforge.fml.javafmlmod.AutomaticEventSubscriber/LOADING]: Attempting to inject @EventBusSubscriber classes into the eventbus for moonlight
[041月2026 00:11:26.106] [modloading-worker-0/DEBUG] [net.minecraftforge.fml.javafmlmod.AutomaticEventSubscriber/LOADING]: Auto-subscribing net.mehvahdjukaar.moonlight.forge.MoonlightForgeClient to FORGE
[041月2026 00:11:26.118] [modloading-worker-0/INFO] [mezz.jei.library.load.PluginCaller/]: Sending ConfigManager...
[041月2026 00:11:26.123] [modloading-worker-0/DEBUG] [mezz.jei.library.load.PluginCallerTimerRunnable/]: Sending ConfigManager: jei:minecraft...
[041月2026 00:11:26.123] [modloading-worker-0/DEBUG] [mezz.jei.library.load.PluginCallerTimerRunnable/]: Sending ConfigManager: confluence:jei_plugin...
[041月2026 00:11:26.123] [modloading-worker-0/DEBUG] [mezz.jei.library.load.PluginCallerTimerRunnable/]: Sending ConfigManager: jade:main...
[041月2026 00:11:26.123] [modloading-worker-0/DEBUG] [mezz.jei.library.load.PluginCallerTimerRunnable/]: Sending ConfigManager: irons_spellbooks:jei_plugin...
[041月2026 00:11:26.123] [modloading-worker-0/DEBUG] [mezz.jei.library.load.PluginCallerTimerRunnable/]: Sending ConfigManager: jei:debug...
[041月2026 00:11:26.123] [modloading-worker-0/DEBUG] [mezz.jei.library.load.PluginCallerTimerRunnable/]: Sending ConfigManager: jei:gui...
[041月2026 00:11:26.123] [modloading-worker-0/DEBUG] [mezz.jei.library.load.PluginCallerTimerRunnable/]: Sending ConfigManager: jei:forge_gui...
[041月2026 00:11:26.123] [modloading-worker-0/DEBUG] [mezz.jei.library.load.PluginCallerTimerRunnable/]: Sending ConfigManager: kubejs:jei...
[041月2026 00:11:26.123] [modloading-worker-0/DEBUG] [mezz.jei.library.load.PluginCallerTimerRunnable/]: Sending ConfigManager: curios:curios...
[041月2026 00:11:26.123] [modloading-worker-0/DEBUG] [mezz.jei.library.load.PluginCallerTimerRunnable/]: Sending ConfigManager: ars_nouveau:main...
[041月2026 00:11:26.123] [modloading-worker-0/DEBUG] [mezz.jei.library.load.PluginCallerTimerRunnable/]: Sending ConfigManager: patchouli:patchouli...
[041月2026 00:11:26.123] [modloading-worker-0/DEBUG] [mezz.jei.library.load.PluginCallerTimerRunnable/]: Sending ConfigManager: jei:internal...
[041月2026 00:11:26.124] [modloading-worker-0/INFO] [mezz.jei.library.load.PluginCaller/]: Sending ConfigManager took 5.145 ms
[041月2026 00:11:26.130] [modloading-worker-0/DEBUG] [net.minecraftforge.fml.javafmlmod.AutomaticEventSubscriber/LOADING]: Attempting to inject @EventBusSubscriber classes into the eventbus for jei
[041月2026 00:11:26.173] [modloading-worker-0/INFO] [Rhino Script Remapper/]: Loading Rhino Minecraft remapper...
[041月2026 00:11:26.175] [modloading-worker-0/INFO] [dev.latvian.mods.rhino.mod.util.RhinoProperties/]: Rhino properties loaded.
[041月2026 00:11:26.180] [modloading-worker-0/INFO] [Rhino Script Remapper/]: Loading mappings for 1.20.1
[041月2026 00:11:26.205] [modloading-worker-0/DEBUG] [net.minecraftforge.fml.config.ConfigTracker/CONFIG]: Config file irons_spellbooks-client.toml for irons_spellbooks tracking
[041月2026 00:11:26.232] [modloading-worker-0/DEBUG] [net.minecraftforge.fml.javafmlmod.AutomaticEventSubscriber/LOADING]: Attempting to inject @EventBusSubscriber classes into the eventbus for confluence
[041月2026 00:11:26.233] [modloading-worker-0/DEBUG] [net.minecraftforge.fml.javafmlmod.AutomaticEventSubscriber/LOADING]: Auto-subscribing org.confluence.mod.event.PlayerEvents to FORGE
[041月2026 00:11:26.235] [modloading-worker-0/DEBUG] [net.minecraftforge.fml.config.ConfigTracker/CONFIG]: Config file irons_spellbooks-server.toml for irons_spellbooks tracking
[041月2026 00:11:26.236] [modloading-worker-0/DEBUG] [net.minecraftforge.fml.javafmlmod.AutomaticEventSubscriber/LOADING]: Auto-subscribing org.confluence.mod.event.ModEvents to MOD
[041月2026 00:11:26.238] [modloading-worker-0/DEBUG] [net.minecraftforge.fml.javafmlmod.AutomaticEventSubscriber/LOADING]: Attempting to inject @EventBusSubscriber classes into the eventbus for irons_spellbooks
[041月2026 00:11:26.238] [modloading-worker-0/DEBUG] [net.minecraftforge.fml.javafmlmod.AutomaticEventSubscriber/LOADING]: Auto-subscribing io.redspace.ironsspellbooks.worldgen.VillageAddition to FORGE
[041月2026 00:11:26.239] [modloading-worker-0/DEBUG] [net.minecraftforge.fml.javafmlmod.AutomaticEventSubscriber/LOADING]: Auto-subscribing org.confluence.mod.event.ForgeEvents to FORGE
[041月2026 00:11:26.240] [modloading-worker-0/DEBUG] [net.minecraftforge.fml.javafmlmod.AutomaticEventSubscriber/LOADING]: Auto-subscribing io.redspace.ironsspellbooks.setup.PlayerAnimationTrigger to FORGE
[041月2026 00:11:26.241] [modloading-worker-0/DEBUG] [net.minecraftforge.fml.javafmlmod.AutomaticEventSubscriber/LOADING]: Auto-subscribing io.redspace.ironsspellbooks.setup.DataHandling to FORGE
[041月2026 00:11:26.242] [modloading-worker-0/DEBUG] [net.minecraftforge.fml.javafmlmod.AutomaticEventSubscriber/LOADING]: Auto-subscribing io.redspace.ironsspellbooks.setup.CommonSetup to MOD
[041月2026 00:11:26.245] [modloading-worker-0/DEBUG] [net.minecraftforge.fml.javafmlmod.AutomaticEventSubscriber/LOADING]: Auto-subscribing org.confluence.mod.event.EffectEvents to FORGE
[041月2026 00:11:26.247] [modloading-worker-0/DEBUG] [net.minecraftforge.fml.javafmlmod.AutomaticEventSubscriber/LOADING]: Auto-subscribing org.confluence.mod.datagen.DataGenerator to MOD
[041月2026 00:11:26.249] [modloading-worker-0/DEBUG] [net.minecraftforge.fml.javafmlmod.AutomaticEventSubscriber/LOADING]: Auto-subscribing io.redspace.ironsspellbooks.setup.ClientSetup to MOD
[041月2026 00:11:26.249] [modloading-worker-0/DEBUG] [net.minecraftforge.fml.javafmlmod.AutomaticEventSubscriber/LOADING]: Auto-subscribing org.confluence.mod.client.ModClient to MOD
[041月2026 00:11:26.252] [modloading-worker-0/DEBUG] [net.minecraftforge.fml.javafmlmod.AutomaticEventSubscriber/LOADING]: Auto-subscribing org.confluence.mod.client.KeyBindings to MOD
[041月2026 00:11:26.255] [modloading-worker-0/DEBUG] [net.minecraftforge.fml.javafmlmod.AutomaticEventSubscriber/LOADING]: Auto-subscribing org.confluence.mod.client.ForgeClient to FORGE
[041月2026 00:11:26.267] [modloading-worker-0/DEBUG] [mixin/]: Mixing GameRendererMixin from moonlight-common.mixins.json into net.minecraft.client.renderer.GameRenderer
[041月2026 00:11:26.268] [modloading-worker-0/DEBUG] [mixin/]: Mixing GameRendererMixin from ars_nouveau.mixins.json into net.minecraft.client.renderer.GameRenderer
[041月2026 00:11:26.293] [modloading-worker-0/DEBUG] [net.minecraftforge.fml.javafmlmod.AutomaticEventSubscriber/LOADING]: Auto-subscribing io.redspace.ironsspellbooks.registries.OverlayRegistry to FORGE
[041月2026 00:11:26.293] [modloading-worker-0/DEBUG] [net.minecraftforge.fml.javafmlmod.AutomaticEventSubscriber/LOADING]: Auto-subscribing io.redspace.ironsspellbooks.registries.CreativeTabRegistry to MOD
[041月2026 00:11:26.296] [modloading-worker-0/DEBUG] [net.minecraftforge.fml.javafmlmod.AutomaticEventSubscriber/LOADING]: Auto-subscribing io.redspace.ironsspellbooks.registries.CommandRegistry to FORGE
[041月2026 00:11:26.298] [modloading-worker-0/DEBUG] [net.minecraftforge.fml.javafmlmod.AutomaticEventSubscriber/LOADING]: Auto-subscribing io.redspace.ironsspellbooks.player.ServerPlayerEvents to FORGE
[041月2026 00:11:26.320] [modloading-worker-0/DEBUG] [net.minecraftforge.fml.config.ConfigTracker/CONFIG]: Config file ars_nouveau-server.toml for ars_nouveau tracking
[041月2026 00:11:26.321] [modloading-worker-0/DEBUG] [net.minecraftforge.fml.javafmlmod.AutomaticEventSubscriber/LOADING]: Auto-subscribing io.redspace.ironsspellbooks.player.KeyMappings to MOD
[041月2026 00:11:26.324] [modloading-worker-0/DEBUG] [net.minecraftforge.fml.config.ConfigTracker/CONFIG]: Config file ars_nouveau-common.toml for ars_nouveau tracking
[041月2026 00:11:26.324] [modloading-worker-0/DEBUG] [net.minecraftforge.fml.config.ConfigTracker/CONFIG]: Config file ars_nouveau-client.toml for ars_nouveau tracking
[041月2026 00:11:26.339] [modloading-worker-0/INFO] [Rhino Script Remapper/]: Done in 0.165 s
[041月2026 00:11:26.416] [modloading-worker-0/DEBUG] [net.minecraftforge.fml.javafmlmod.AutomaticEventSubscriber/LOADING]: Auto-subscribing io.redspace.ironsspellbooks.player.ClientPlayerEvents to FORGE
[041月2026 00:11:26.425] [modloading-worker-0/DEBUG] [net.minecraftforge.fml.javafmlmod.AutomaticEventSubscriber/LOADING]: Auto-subscribing io.redspace.ironsspellbooks.player.ClientInputEvents to FORGE
[041月2026 00:11:26.429] [modloading-worker-0/DEBUG] [net.minecraftforge.fml.javafmlmod.AutomaticEventSubscriber/LOADING]: Auto-subscribing io.redspace.ironsspellbooks.player.AdditionalWanderingTrades to FORGE
[041月2026 00:11:26.431] [modloading-worker-0/DEBUG] [net.minecraftforge.fml.javafmlmod.AutomaticEventSubscriber/LOADING]: Auto-subscribing io.redspace.ironsspellbooks.loot.LootDebugEvents to FORGE
[041月2026 00:11:26.432] [modloading-worker-0/DEBUG] [net.minecraftforge.fml.javafmlmod.AutomaticEventSubscriber/LOADING]: Auto-subscribing io.redspace.ironsspellbooks.entity.spells.EarthquakeAoe to FORGE
[041月2026 00:11:26.439] [modloading-worker-0/DEBUG] [mixin/]: Mixing client.MixinCommandSourceStack from architectury.mixins.json into net.minecraft.commands.CommandSourceStack
[041月2026 00:11:26.440] [modloading-worker-0/DEBUG] [mixin/]: Mixing CommandSourceStackMixin from kubejs-common.mixins.json into net.minecraft.commands.CommandSourceStack
[041月2026 00:11:26.441] [modloading-worker-0/DEBUG] [mixin/]: Renaming synthetic method lambda$kjs$sendSuccess$0(Lnet/minecraft/network/chat/Component;)Lnet/minecraft/network/chat/Component; to mdcdc069$lambda$kjs$sendSuccess$0$0 in kubejs-common.mixins.json:CommandSourceStackMixin
[041月2026 00:11:26.464] [modloading-worker-0/DEBUG] [net.minecraftforge.fml.javafmlmod.AutomaticEventSubscriber/LOADING]: Auto-subscribing io.redspace.ironsspellbooks.entity.mobs.wizards.WizardAIEvents to FORGE
[041月2026 00:11:26.468] [modloading-worker-0/DEBUG] [net.minecraftforge.fml.javafmlmod.AutomaticEventSubscriber/LOADING]: Auto-subscribing io.redspace.ironsspellbooks.entity.mobs.dead_king_boss.DeadKingMusicManager to FORGE
[041月2026 00:11:26.475] [modloading-worker-0/DEBUG] [net.minecraftforge.fml.javafmlmod.AutomaticEventSubscriber/LOADING]: Auto-subscribing io.redspace.ironsspellbooks.effect.guiding_bolt.GuidingBoltManager to FORGE
[041月2026 00:11:26.481] [modloading-worker-0/DEBUG] [net.minecraftforge.fml.javafmlmod.AutomaticEventSubscriber/LOADING]: Auto-subscribing io.redspace.ironsspellbooks.effect.ThunderstormEffect to FORGE
[041月2026 00:11:26.483] [modloading-worker-0/DEBUG] [mixin/]: Mixing AttributeMapMixin from attributeslib.mixins.json into net.minecraft.world.entity.ai.attributes.AttributeMap
[041月2026 00:11:26.483] [modloading-worker-0/DEBUG] [mixin/]: Renaming synthetic method lambda$setAttributesUpdating$0(Lnet/minecraft/world/entity/ai/attributes/Attribute;Lcom/mojang/datafixers/util/Pair;)V to mdcdc069$lambda$setAttributesUpdating$0$0 in attributeslib.mixins.json:AttributeMapMixin
[041月2026 00:11:26.514] [modloading-worker-0/DEBUG] [net.minecraftforge.fml.javafmlmod.AutomaticEventSubscriber/LOADING]: Auto-subscribing io.redspace.ironsspellbooks.effect.OakskinEffect to FORGE
[041月2026 00:11:26.515] [modloading-worker-0/DEBUG] [net.minecraftforge.fml.javafmlmod.AutomaticEventSubscriber/LOADING]: Auto-subscribing io.redspace.ironsspellbooks.effect.GluttonyEffect to FORGE
[041月2026 00:11:26.516] [modloading-worker-0/DEBUG] [net.minecraftforge.fml.javafmlmod.AutomaticEventSubscriber/LOADING]: Auto-subscribing io.redspace.ironsspellbooks.effect.EchoingStrikesEffect to FORGE
[041月2026 00:11:26.519] [modloading-worker-0/DEBUG] [net.minecraftforge.fml.javafmlmod.AutomaticEventSubscriber/LOADING]: Auto-subscribing io.redspace.ironsspellbooks.effect.BlightEffect to FORGE
[041月2026 00:11:26.520] [modloading-worker-0/DEBUG] [net.minecraftforge.fml.javafmlmod.AutomaticEventSubscriber/LOADING]: Auto-subscribing io.redspace.ironsspellbooks.datagen.DataGenerators to MOD
[041月2026 00:11:26.521] [modloading-worker-0/DEBUG] [net.minecraftforge.fml.javafmlmod.AutomaticEventSubscriber/LOADING]: Auto-subscribing io.redspace.ironsspellbooks.damage.DamageSources to FORGE
[041月2026 00:11:26.525] [modloading-worker-0/DEBUG] [net.minecraftforge.fml.javafmlmod.AutomaticEventSubscriber/LOADING]: Auto-subscribing io.redspace.ironsspellbooks.api.util.CameraShakeManager to FORGE
[041月2026 00:11:26.529] [modloading-worker-0/DEBUG] [net.minecraftforge.fml.javafmlmod.AutomaticEventSubscriber/LOADING]: Auto-subscribing io.redspace.ironsspellbooks.api.registry.AttributeRegistry to MOD
[041月2026 00:11:26.589] [modloading-worker-0/DEBUG] [mixin/]: Mixing components.ClickEventMixin from kubejs-common.mixins.json into net.minecraft.network.chat.ClickEvent
[041月2026 00:11:26.589] [modloading-worker-0/DEBUG] [mixin/]: Renaming synthetic method lambda$toJsonJS$0(Lcom/google/gson/JsonObject;)V to mdcdc069$lambda$toJsonJS$0$0 in kubejs-common.mixins.json:components.ClickEventMixin
[041月2026 00:11:26.681] [modloading-worker-0/DEBUG] [mixin/]: Mixing TrivialIngredientsMixin from kubejs-forge.mixins.json into net.minecraftforge.common.crafting.PartialNBTIngredient
[041月2026 00:11:26.683] [modloading-worker-0/DEBUG] [mixin/]: Mixing TrivialIngredientsMixin from kubejs-forge.mixins.json into net.minecraftforge.common.crafting.StrictNBTIngredient
[041月2026 00:11:26.686] [modloading-worker-0/DEBUG] [mixin/]: Mixing DifferenceIngredientMixin from kubejs-forge.mixins.json into net.minecraftforge.common.crafting.DifferenceIngredient
[041月2026 00:11:26.886] [modloading-worker-0/INFO] [KubeJS Startup/]: example.js#5: Hello, World! (Loaded startup scripts)
[041月2026 00:11:26.888] [modloading-worker-0/INFO] [KubeJS Startup/]: Loaded script startup_scripts:example.js in 0.066 s
[041月2026 00:11:26.891] [modloading-worker-0/DEBUG] [net.minecraftforge.fml.javafmlmod.AutomaticEventSubscriber/LOADING]: Attempting to inject @EventBusSubscriber classes into the eventbus for ars_nouveau
[041月2026 00:11:26.892] [modloading-worker-0/INFO] [KubeJS Startup/]: Loaded 1/1 KubeJS startup scripts in 0.549 s with 0 errors and 0 warnings
[041月2026 00:11:26.892] [modloading-worker-0/DEBUG] [net.minecraftforge.fml.javafmlmod.AutomaticEventSubscriber/LOADING]: Auto-subscribing com.hollingsworth.arsnouveau.setup.registry.RecipeRegistry to MOD
[041月2026 00:11:26.892] [modloading-worker-0/DEBUG] [net.minecraftforge.fml.javafmlmod.AutomaticEventSubscriber/LOADING]: Auto-subscribing com.hollingsworth.arsnouveau.setup.registry.ModEntities$RegistrationHandler to MOD
[041月2026 00:11:26.894] [modloading-worker-0/DEBUG] [net.minecraftforge.fml.javafmlmod.AutomaticEventSubscriber/LOADING]: Auto-subscribing com.hollingsworth.arsnouveau.setup.registry.CapabilityRegistry$EventHandler to FORGE
[041月2026 00:11:26.899] [modloading-worker-0/DEBUG] [net.minecraftforge.fml.javafmlmod.AutomaticEventSubscriber/LOADING]: Auto-subscribing com.hollingsworth.arsnouveau.setup.config.Config to MOD
[041月2026 00:11:26.900] [modloading-worker-0/DEBUG] [net.minecraftforge.fml.javafmlmod.AutomaticEventSubscriber/LOADING]: Auto-subscribing com.hollingsworth.arsnouveau.common.world.saved_data.RedstoneSavedData to FORGE
[041月2026 00:11:26.902] [modloading-worker-0/DEBUG] [net.minecraftforge.fml.javafmlmod.AutomaticEventSubscriber/LOADING]: Auto-subscribing com.hollingsworth.arsnouveau.common.potions.GravityEffect to FORGE
[041月2026 00:11:26.903] [modloading-worker-0/DEBUG] [net.minecraftforge.fml.javafmlmod.AutomaticEventSubscriber/LOADING]: Auto-subscribing com.hollingsworth.arsnouveau.common.potions.BounceEffect to FORGE
[041月2026 00:11:26.905] [modloading-worker-0/DEBUG] [net.minecraftforge.fml.javafmlmod.AutomaticEventSubscriber/LOADING]: Auto-subscribing com.hollingsworth.arsnouveau.common.mob_jar.WitherBehavior to FORGE
[041月2026 00:11:26.908] [modloading-worker-0/DEBUG] [net.minecraftforge.fml.javafmlmod.AutomaticEventSubscriber/LOADING]: Auto-subscribing com.hollingsworth.arsnouveau.common.items.curios.SummoningFocus to FORGE
[041月2026 00:11:26.925] [modloading-worker-0/DEBUG] [net.minecraftforge.fml.javafmlmod.AutomaticEventSubscriber/LOADING]: Auto-subscribing com.hollingsworth.arsnouveau.common.event.SummonEvents to FORGE
[041月2026 00:11:26.928] [modloading-worker-0/DEBUG] [net.minecraftforge.fml.javafmlmod.AutomaticEventSubscriber/LOADING]: Auto-subscribing com.hollingsworth.arsnouveau.common.event.ScryEvents to FORGE
[041月2026 00:11:26.932] [modloading-worker-0/DEBUG] [net.minecraftforge.fml.javafmlmod.AutomaticEventSubscriber/LOADING]: Auto-subscribing com.hollingsworth.arsnouveau.common.event.ReactiveEvents to FORGE
[041月2026 00:11:26.934] [modloading-worker-0/DEBUG] [net.minecraftforge.fml.javafmlmod.AutomaticEventSubscriber/LOADING]: Auto-subscribing com.hollingsworth.arsnouveau.common.event.PerkEvents to FORGE
[041月2026 00:11:26.948] [modloading-worker-0/DEBUG] [net.minecraftforge.fml.javafmlmod.AutomaticEventSubscriber/LOADING]: Auto-subscribing com.hollingsworth.arsnouveau.common.event.ManaCapEvents to FORGE
[041月2026 00:11:26.952] [modloading-worker-0/DEBUG] [net.minecraftforge.fml.javafmlmod.AutomaticEventSubscriber/LOADING]: Auto-subscribing com.hollingsworth.arsnouveau.common.event.LightEvents to FORGE
[041月2026 00:11:26.953] [modloading-worker-0/DEBUG] [net.minecraftforge.fml.javafmlmod.AutomaticEventSubscriber/LOADING]: Auto-subscribing com.hollingsworth.arsnouveau.common.event.JarEvents to FORGE
[041月2026 00:11:26.955] [modloading-worker-0/DEBUG] [net.minecraftforge.fml.javafmlmod.AutomaticEventSubscriber/LOADING]: Auto-subscribing com.hollingsworth.arsnouveau.common.event.FamiliarEvents to FORGE
[041月2026 00:11:26.966] [modloading-worker-0/DEBUG] [net.minecraftforge.fml.javafmlmod.AutomaticEventSubscriber/LOADING]: Auto-subscribing com.hollingsworth.arsnouveau.common.event.EventHandler to FORGE
[041月2026 00:11:26.989] [modloading-worker-0/DEBUG] [net.minecraftforge.fml.javafmlmod.AutomaticEventSubscriber/LOADING]: Auto-subscribing com.hollingsworth.arsnouveau.common.event.ArsEvents to FORGE
[041月2026 00:11:26.998] [modloading-worker-0/DEBUG] [net.minecraftforge.fml.javafmlmod.AutomaticEventSubscriber/LOADING]: Auto-subscribing com.hollingsworth.arsnouveau.common.datagen.ModDatagen to MOD
[041月2026 00:11:27.002] [modloading-worker-0/DEBUG] [net.minecraftforge.fml.javafmlmod.AutomaticEventSubscriber/LOADING]: Auto-subscribing com.hollingsworth.arsnouveau.common.camera.ClientCameraEvents to FORGE
[041月2026 00:11:27.004] [modloading-worker-0/INFO] [dev.architectury.networking.forge.NetworkManagerImpl/]: Registering C2S receiver with id kubejs:send_data_from_client
[041月2026 00:11:27.006] [modloading-worker-0/INFO] [dev.architectury.networking.forge.NetworkManagerImpl/]: Registering S2C receiver with id kubejs:send_data_from_server
[041月2026 00:11:27.007] [modloading-worker-0/DEBUG] [net.minecraftforge.fml.javafmlmod.AutomaticEventSubscriber/LOADING]: Auto-subscribing com.hollingsworth.arsnouveau.common.camera.CameraEvents to FORGE
[041月2026 00:11:27.007] [modloading-worker-0/INFO] [dev.architectury.networking.forge.NetworkManagerImpl/]: Registering S2C receiver with id kubejs:paint
[041月2026 00:11:27.008] [modloading-worker-0/INFO] [dev.architectury.networking.forge.NetworkManagerImpl/]: Registering S2C receiver with id kubejs:add_stage
[041月2026 00:11:27.010] [modloading-worker-0/INFO] [dev.architectury.networking.forge.NetworkManagerImpl/]: Registering S2C receiver with id kubejs:remove_stage
[041月2026 00:11:27.010] [modloading-worker-0/DEBUG] [net.minecraftforge.fml.javafmlmod.AutomaticEventSubscriber/LOADING]: Auto-subscribing com.hollingsworth.arsnouveau.common.camera.CameraController to FORGE
[041月2026 00:11:27.012] [modloading-worker-0/INFO] [dev.architectury.networking.forge.NetworkManagerImpl/]: Registering S2C receiver with id kubejs:sync_stages
[041月2026 00:11:27.013] [modloading-worker-0/INFO] [dev.architectury.networking.forge.NetworkManagerImpl/]: Registering C2S receiver with id kubejs:first_click
[041月2026 00:11:27.014] [modloading-worker-0/INFO] [dev.architectury.networking.forge.NetworkManagerImpl/]: Registering S2C receiver with id kubejs:toast
[041月2026 00:11:27.014] [modloading-worker-0/DEBUG] [net.minecraftforge.fml.javafmlmod.AutomaticEventSubscriber/LOADING]: Auto-subscribing com.hollingsworth.arsnouveau.common.block.tile.VitalicSourcelinkTile to FORGE
[041月2026 00:11:27.015] [modloading-worker-0/INFO] [dev.architectury.networking.forge.NetworkManagerImpl/]: Registering S2C receiver with id kubejs:reload_startup_scripts
[041月2026 00:11:27.017] [modloading-worker-0/INFO] [dev.architectury.networking.forge.NetworkManagerImpl/]: Registering S2C receiver with id kubejs:display_server_errors
[041月2026 00:11:27.018] [modloading-worker-0/INFO] [dev.architectury.networking.forge.NetworkManagerImpl/]: Registering S2C receiver with id kubejs:display_client_errors
[041月2026 00:11:27.018] [modloading-worker-0/DEBUG] [net.minecraftforge.fml.javafmlmod.AutomaticEventSubscriber/LOADING]: Auto-subscribing com.hollingsworth.arsnouveau.common.block.tile.AgronomicSourcelinkTile to FORGE
[041月2026 00:11:27.020] [modloading-worker-0/DEBUG] [net.minecraftforge.fml.javafmlmod.AutomaticEventSubscriber/LOADING]: Auto-subscribing com.hollingsworth.arsnouveau.client.registry.ShaderRegistry to MOD
[041月2026 00:11:27.033] [modloading-worker-0/DEBUG] [net.minecraftforge.fml.javafmlmod.AutomaticEventSubscriber/LOADING]: Attempting to inject @EventBusSubscriber classes into the eventbus for kubejs
[041月2026 00:11:27.113] [modloading-worker-0/DEBUG] [net.minecraftforge.fml.javafmlmod.AutomaticEventSubscriber/LOADING]: Auto-subscribing com.hollingsworth.arsnouveau.client.registry.ModParticles to MOD
[041月2026 00:11:27.114] [modloading-worker-0/DEBUG] [net.minecraftforge.fml.javafmlmod.AutomaticEventSubscriber/LOADING]: Auto-subscribing com.hollingsworth.arsnouveau.client.registry.ModKeyBindings to MOD
[041月2026 00:11:27.116] [modloading-worker-0/DEBUG] [net.minecraftforge.fml.javafmlmod.AutomaticEventSubscriber/LOADING]: Auto-subscribing com.hollingsworth.arsnouveau.client.registry.ClientHandler to MOD
[041月2026 00:11:27.129] [modloading-worker-0/DEBUG] [net.minecraftforge.fml.javafmlmod.AutomaticEventSubscriber/LOADING]: Auto-subscribing com.hollingsworth.arsnouveau.client.keybindings.KeyHandler to FORGE
[041月2026 00:11:27.132] [modloading-worker-0/DEBUG] [net.minecraftforge.fml.javafmlmod.AutomaticEventSubscriber/LOADING]: Auto-subscribing com.hollingsworth.arsnouveau.client.gui.radial_menu.GuiRadialMenu to FORGE
[041月2026 00:11:27.141] [modloading-worker-0/DEBUG] [net.minecraftforge.fml.javafmlmod.AutomaticEventSubscriber/LOADING]: Auto-subscribing com.hollingsworth.arsnouveau.client.events.ClientPlayerEvent to FORGE
[041月2026 00:11:27.142] [modloading-worker-0/DEBUG] [net.minecraftforge.fml.javafmlmod.AutomaticEventSubscriber/LOADING]: Auto-subscribing com.hollingsworth.arsnouveau.client.events.ClientEvents to FORGE
[041月2026 00:11:27.146] [modloading-worker-0/DEBUG] [net.minecraftforge.fml.javafmlmod.AutomaticEventSubscriber/LOADING]: Auto-subscribing com.hollingsworth.arsnouveau.client.events.ClientEvents$ClientModEvents to MOD
[041月2026 00:11:27.148] [modloading-worker-0/DEBUG] [net.minecraftforge.fml.javafmlmod.AutomaticEventSubscriber/LOADING]: Auto-subscribing com.hollingsworth.arsnouveau.client.SkyTextureHandler to FORGE
[041月2026 00:11:27.149] [modloading-worker-0/DEBUG] [net.minecraftforge.fml.javafmlmod.AutomaticEventSubscriber/LOADING]: Auto-subscribing com.hollingsworth.arsnouveau.api.util.SourceUtil to FORGE
[041月2026 00:11:27.151] [modloading-worker-0/DEBUG] [net.minecraftforge.fml.javafmlmod.AutomaticEventSubscriber/LOADING]: Auto-subscribing com.hollingsworth.arsnouveau.api.source.SourceManager to FORGE
[041月2026 00:11:27.152] [modloading-worker-0/DEBUG] [net.minecraftforge.fml.javafmlmod.AutomaticEventSubscriber/LOADING]: Auto-subscribing com.hollingsworth.arsnouveau.api.perk.PerkAttributes to MOD
[041月2026 00:11:27.153] [modloading-worker-0/DEBUG] [net.minecraftforge.fml.javafmlmod.AutomaticEventSubscriber/LOADING]: Auto-subscribing com.hollingsworth.arsnouveau.api.event.EventQueue to FORGE
[041月2026 00:11:27.154] [modloading-worker-0/DEBUG] [net.minecraftforge.fml.javafmlmod.AutomaticEventSubscriber/LOADING]: Auto-subscribing com.hollingsworth.arsnouveau.ArsNouveau to FORGE
[041月2026 00:11:27.215] [main/DEBUG] [net.minecraftforge.registries.ObjectHolderRegistry/REGISTRIES]: Processing ObjectHolder annotations
[041月2026 00:11:27.248] [main/DEBUG] [net.minecraftforge.registries.ObjectHolderRegistry/REGISTRIES]: Found 5227 ObjectHolder annotations
[041月2026 00:11:27.252] [main/DEBUG] [net.minecraftforge.common.capabilities.CapabilityManager/CAPABILITIES]: Attempting to automatically register: Lnet/minecraftforge/energy/IEnergyStorage;
[041月2026 00:11:27.253] [main/DEBUG] [net.minecraftforge.common.capabilities.CapabilityManager/CAPABILITIES]: Attempting to automatically register: Lnet/minecraftforge/fluids/capability/IFluidHandler;
[041月2026 00:11:27.253] [main/DEBUG] [net.minecraftforge.common.capabilities.CapabilityManager/CAPABILITIES]: Attempting to automatically register: Lnet/minecraftforge/fluids/capability/IFluidHandlerItem;
[041月2026 00:11:27.253] [main/DEBUG] [net.minecraftforge.common.capabilities.CapabilityManager/CAPABILITIES]: Attempting to automatically register: Lnet/minecraftforge/items/IItemHandler;
[041月2026 00:11:27.255] [main/DEBUG] [net.minecraftforge.registries.GameData/REGISTRIES]: Unfreezing vanilla registries
[041月2026 00:11:27.265] [main/INFO] [KubeJS/]: Skipping minecraft:sound_event registry
[041月2026 00:11:27.278] [main/DEBUG] [net.minecraftforge.registries.GameData/REGISTRIES]: Applying holder lookups: minecraft:sound_event
[041月2026 00:11:27.283] [main/DEBUG] [net.minecraftforge.registries.GameData/REGISTRIES]: Holder lookups applied: minecraft:sound_event
[041月2026 00:11:27.283] [main/INFO] [KubeJS/]: Skipping minecraft:fluid registry
[041月2026 00:11:27.287] [main/DEBUG] [net.minecraftforge.registries.GameData/REGISTRIES]: Applying holder lookups: minecraft:fluid
[041月2026 00:11:27.289] [main/DEBUG] [net.minecraftforge.registries.GameData/REGISTRIES]: Holder lookups applied: minecraft:fluid
[041月2026 00:11:27.298] [main/INFO] [KubeJS/]: Skipping minecraft:block registry
[041月2026 00:11:27.569] [main/DEBUG] [net.minecraftforge.registries.GameData/REGISTRIES]: Applying holder lookups: minecraft:block
[041月2026 00:11:27.572] [main/DEBUG] [net.minecraftforge.registries.GameData/REGISTRIES]: Holder lookups applied: minecraft:block
[041月2026 00:11:27.577] [main/INFO] [KubeJS/]: Skipping minecraft:attribute registry
[041月2026 00:11:27.578] [main/DEBUG] [net.minecraftforge.registries.GameData/REGISTRIES]: Applying holder lookups: minecraft:attribute
[041月2026 00:11:27.580] [main/DEBUG] [net.minecraftforge.registries.GameData/REGISTRIES]: Holder lookups applied: minecraft:attribute
[041月2026 00:11:27.587] [main/INFO] [KubeJS/]: Skipping minecraft:mob_effect registry
[041月2026 00:11:27.588] [main/DEBUG] [net.minecraftforge.registries.GameData/REGISTRIES]: Applying holder lookups: minecraft:mob_effect
[041月2026 00:11:27.589] [main/DEBUG] [net.minecraftforge.registries.GameData/REGISTRIES]: Holder lookups applied: minecraft:mob_effect
[041月2026 00:11:27.602] [main/INFO] [KubeJS/]: Skipping minecraft:particle_type registry
[041月2026 00:11:27.618] [main/DEBUG] [net.minecraftforge.registries.GameData/REGISTRIES]: Applying holder lookups: minecraft:particle_type
[041月2026 00:11:27.620] [main/DEBUG] [net.minecraftforge.registries.GameData/REGISTRIES]: Holder lookups applied: minecraft:particle_type
[041月2026 00:11:27.642] [main/DEBUG] [software.bernie.geckolib.GeckoLib/]: Registered SyncedAnimatable for class software.bernie.example.item.JackInTheBoxItem
[041月2026 00:11:27.658] [main/DEBUG] [mixin/]: Mixing ThirdPersonRendererMixin from moonlight-common.mixins.json into net.minecraft.client.model.HumanoidModel
[041月2026 00:11:27.662] [main/DEBUG] [mixin/]: Mixing BipedEntityModelMixin from playerAnimator-common.mixins.json into net.minecraft.client.model.HumanoidModel
[041月2026 00:11:27.662] [main/DEBUG] [mixin/]: playerAnimator-common.mixins.json:BipedEntityModelMixin: Class version 61 required is higher than the class version supported by the current version of Mixin (JAVA_16 supports class version 60)
[041月2026 00:11:27.663] [main/DEBUG] [mixin/]: Renaming synthetic method lambda$renderToBuffer$3(Lcom/mojang/blaze3d/vertex/PoseStack;Lcom/mojang/blaze3d/vertex/VertexConsumer;IIFFFFLnet/minecraft/client/model/geom/ModelPart;)V to mdcdc069$lambda$renderToBuffer$3$0 in playerAnimator-common.mixins.json:BipedEntityModelMixin
[041月2026 00:11:27.663] [main/DEBUG] [mixin/]: Renaming synthetic method lambda$renderToBuffer$2(Lcom/mojang/blaze3d/vertex/PoseStack;Lcom/mojang/blaze3d/vertex/VertexConsumer;IIFFFFLnet/minecraft/client/model/geom/ModelPart;)V to mdcdc069$lambda$renderToBuffer$2$1 in playerAnimator-common.mixins.json:BipedEntityModelMixin
[041月2026 00:11:27.663] [main/DEBUG] [mixin/]: Renaming synthetic method lambda$renderToBuffer$1(Lcom/mojang/blaze3d/vertex/PoseStack;Lcom/mojang/blaze3d/vertex/VertexConsumer;IIFFFFLnet/minecraft/client/model/geom/ModelPart;)V to mdcdc069$lambda$renderToBuffer$1$2 in playerAnimator-common.mixins.json:BipedEntityModelMixin
[041月2026 00:11:27.663] [main/DEBUG] [mixin/]: Renaming synthetic method lambda$renderToBuffer$0(Lcom/mojang/blaze3d/vertex/PoseStack;Lcom/mojang/blaze3d/vertex/VertexConsumer;IIFFFFLnet/minecraft/client/model/geom/ModelPart;)V to mdcdc069$lambda$renderToBuffer$0$3 in playerAnimator-common.mixins.json:BipedEntityModelMixin
[041月2026 00:11:27.667] [main/DEBUG] [mixin/]: Mixing client.HumanoidModelMixin from citadel.mixins.json into net.minecraft.client.model.HumanoidModel
[041月2026 00:11:27.729] [main/DEBUG] [io.netty.util.internal.InternalThreadLocalMap/]: -Dio.netty.threadLocalMap.stringBuilder.initialSize: 1024
[041月2026 00:11:27.730] [main/DEBUG] [io.netty.util.internal.InternalThreadLocalMap/]: -Dio.netty.threadLocalMap.stringBuilder.maxSize: 4096
[041月2026 00:11:27.730] [main/DEBUG] [io.netty.util.internal.ThreadLocalRandom/]: -Dio.netty.initialSeedUniquifier: 0x255a7ba3b43aa1a4
[041月2026 00:11:27.745] [main/INFO] [KubeJS/]: Skipping minecraft:item registry
[041月2026 00:11:27.781] [main/DEBUG] [net.minecraftforge.registries.GameData/REGISTRIES]: Applying holder lookups: minecraft:item
[041月2026 00:11:27.784] [main/DEBUG] [net.minecraftforge.registries.GameData/REGISTRIES]: Holder lookups applied: minecraft:item
[041月2026 00:11:27.803] [main/INFO] [Moonlight/]: Initialized block sets in 12ms
[041月2026 00:11:27.925] [main/INFO] [KubeJS/]: Skipping minecraft:entity_type registry
[041月2026 00:11:27.928] [main/DEBUG] [net.minecraftforge.registries.GameData/REGISTRIES]: Applying holder lookups: minecraft:entity_type
[041月2026 00:11:27.930] [main/DEBUG] [net.minecraftforge.registries.GameData/REGISTRIES]: Holder lookups applied: minecraft:entity_type
[041月2026 00:11:27.930] [main/INFO] [KubeJS/]: Skipping minecraft:sensor_type registry
[041月2026 00:11:27.931] [main/DEBUG] [net.minecraftforge.registries.GameData/REGISTRIES]: Applying holder lookups: minecraft:sensor_type
[041月2026 00:11:27.932] [main/DEBUG] [net.minecraftforge.registries.GameData/REGISTRIES]: Holder lookups applied: minecraft:sensor_type
[041月2026 00:11:27.932] [main/INFO] [KubeJS/]: Skipping minecraft:memory_module_type registry
[041月2026 00:11:27.932] [main/DEBUG] [net.minecraftforge.registries.GameData/REGISTRIES]: Applying holder lookups: minecraft:memory_module_type
[041月2026 00:11:27.933] [main/DEBUG] [net.minecraftforge.registries.GameData/REGISTRIES]: Holder lookups applied: minecraft:memory_module_type
[041月2026 00:11:27.933] [main/INFO] [KubeJS/]: Skipping minecraft:potion registry
[041月2026 00:11:27.934] [main/DEBUG] [net.minecraftforge.registries.GameData/REGISTRIES]: Applying holder lookups: minecraft:potion
[041月2026 00:11:27.934] [main/DEBUG] [net.minecraftforge.registries.GameData/REGISTRIES]: Holder lookups applied: minecraft:potion
[041月2026 00:11:27.935] [main/INFO] [KubeJS/]: Skipping minecraft:game_event registry
[041月2026 00:11:27.935] [main/DEBUG] [net.minecraftforge.registries.GameData/REGISTRIES]: Applying holder lookups: minecraft:game_event
[041月2026 00:11:27.935] [main/DEBUG] [net.minecraftforge.registries.GameData/REGISTRIES]: Holder lookups applied: minecraft:game_event
[041月2026 00:11:27.935] [main/INFO] [KubeJS/]: Skipping minecraft:enchantment registry
[041月2026 00:11:27.935] [main/DEBUG] [net.minecraftforge.registries.GameData/REGISTRIES]: Applying holder lookups: minecraft:enchantment
[041月2026 00:11:27.936] [main/DEBUG] [net.minecraftforge.registries.GameData/REGISTRIES]: Holder lookups applied: minecraft:enchantment
[041月2026 00:11:27.946] [main/INFO] [KubeJS/]: Skipping minecraft:block_entity_type registry
[041月2026 00:11:27.949] [main/DEBUG] [net.minecraftforge.registries.GameData/REGISTRIES]: Applying holder lookups: minecraft:block_entity_type
[041月2026 00:11:27.949] [main/DEBUG] [net.minecraftforge.registries.GameData/REGISTRIES]: Holder lookups applied: minecraft:block_entity_type
[041月2026 00:11:27.949] [main/INFO] [KubeJS/]: Skipping minecraft:painting_variant registry
[041月2026 00:11:27.949] [main/DEBUG] [net.minecraftforge.registries.GameData/REGISTRIES]: Applying holder lookups: minecraft:painting_variant
[041月2026 00:11:27.950] [main/DEBUG] [net.minecraftforge.registries.GameData/REGISTRIES]: Holder lookups applied: minecraft:painting_variant
[041月2026 00:11:27.950] [main/INFO] [KubeJS/]: Skipping minecraft:stat_type registry
[041月2026 00:11:27.950] [main/DEBUG] [net.minecraftforge.registries.GameData/REGISTRIES]: Applying holder lookups: minecraft:stat_type
[041月2026 00:11:27.950] [main/DEBUG] [net.minecraftforge.registries.GameData/REGISTRIES]: Holder lookups applied: minecraft:stat_type
[041月2026 00:11:27.951] [main/INFO] [KubeJS/]: Skipping minecraft:custom_stat registry
[041月2026 00:11:27.951] [main/DEBUG] [net.minecraftforge.registries.GameData/REGISTRIES]: Applying holder lookups: minecraft:custom_stat
[041月2026 00:11:27.951] [main/DEBUG] [net.minecraftforge.registries.GameData/REGISTRIES]: Holder lookups applied: minecraft:custom_stat
[041月2026 00:11:27.951] [main/INFO] [KubeJS/]: Skipping minecraft:chunk_status registry
[041月2026 00:11:27.951] [main/DEBUG] [net.minecraftforge.registries.GameData/REGISTRIES]: Applying holder lookups: minecraft:chunk_status
[041月2026 00:11:27.952] [main/DEBUG] [net.minecraftforge.registries.GameData/REGISTRIES]: Holder lookups applied: minecraft:chunk_status
[041月2026 00:11:27.953] [main/INFO] [KubeJS/]: Skipping minecraft:rule_test registry
[041月2026 00:11:27.953] [main/DEBUG] [net.minecraftforge.registries.GameData/REGISTRIES]: Applying holder lookups: minecraft:rule_test
[041月2026 00:11:27.954] [main/DEBUG] [net.minecraftforge.registries.GameData/REGISTRIES]: Holder lookups applied: minecraft:rule_test
[041月2026 00:11:27.954] [main/INFO] [KubeJS/]: Skipping minecraft:rule_block_entity_modifier registry
[041月2026 00:11:27.954] [main/DEBUG] [net.minecraftforge.registries.GameData/REGISTRIES]: Applying holder lookups: minecraft:rule_block_entity_modifier
[041月2026 00:11:27.955] [main/DEBUG] [net.minecraftforge.registries.GameData/REGISTRIES]: Holder lookups applied: minecraft:rule_block_entity_modifier
[041月2026 00:11:27.955] [main/INFO] [KubeJS/]: Skipping minecraft:pos_rule_test registry
[041月2026 00:11:27.955] [main/DEBUG] [net.minecraftforge.registries.GameData/REGISTRIES]: Applying holder lookups: minecraft:pos_rule_test
[041月2026 00:11:27.955] [main/DEBUG] [net.minecraftforge.registries.GameData/REGISTRIES]: Holder lookups applied: minecraft:pos_rule_test
[041月2026 00:11:27.957] [main/INFO] [KubeJS/]: Skipping minecraft:menu registry
[041月2026 00:11:27.973] [main/DEBUG] [net.minecraftforge.registries.GameData/REGISTRIES]: Applying holder lookups: minecraft:menu
[041月2026 00:11:27.974] [main/DEBUG] [net.minecraftforge.registries.GameData/REGISTRIES]: Holder lookups applied: minecraft:menu
[041月2026 00:11:27.974] [main/INFO] [KubeJS/]: Skipping minecraft:recipe_type registry
[041月2026 00:11:27.976] [main/DEBUG] [placebo/]: Registered 0 recipe types.
[041月2026 00:11:27.976] [main/DEBUG] [net.minecraftforge.registries.GameData/REGISTRIES]: Applying holder lookups: minecraft:recipe_type
[041月2026 00:11:27.978] [main/DEBUG] [net.minecraftforge.registries.GameData/REGISTRIES]: Holder lookups applied: minecraft:recipe_type
[041月2026 00:11:27.979] [main/DEBUG] [mixin/]: Mixing AccessorSmithingTransformRecipe from patchouli_xplat.mixins.json into net.minecraft.world.item.crafting.SmithingTransformRecipe
[041月2026 00:11:27.996] [main/INFO] [KubeJS/]: Skipping minecraft:recipe_serializer registry
[041月2026 00:11:28.004] [main/DEBUG] [mixin/]: Mixing IngredientsWithChildrenMixin from kubejs-forge.mixins.json into net.minecraftforge.common.crafting.IntersectionIngredient
[041月2026 00:11:28.034] [main/DEBUG] [net.minecraftforge.registries.GameData/REGISTRIES]: Applying holder lookups: minecraft:recipe_serializer
[041月2026 00:11:28.035] [main/DEBUG] [net.minecraftforge.registries.GameData/REGISTRIES]: Holder lookups applied: minecraft:recipe_serializer
[041月2026 00:11:28.035] [main/INFO] [KubeJS/]: Skipping minecraft:position_source_type registry
[041月2026 00:11:28.035] [main/DEBUG] [net.minecraftforge.registries.GameData/REGISTRIES]: Applying holder lookups: minecraft:position_source_type
[041月2026 00:11:28.036] [main/DEBUG] [net.minecraftforge.registries.GameData/REGISTRIES]: Holder lookups applied: minecraft:position_source_type
[041月2026 00:11:28.039] [main/INFO] [KubeJS/]: Skipping minecraft:command_argument_type registry
[041月2026 00:11:28.042] [main/DEBUG] [net.minecraftforge.registries.GameData/REGISTRIES]: Applying holder lookups: minecraft:command_argument_type
[041月2026 00:11:28.043] [main/DEBUG] [net.minecraftforge.registries.GameData/REGISTRIES]: Holder lookups applied: minecraft:command_argument_type
[041月2026 00:11:28.044] [main/INFO] [KubeJS/]: Skipping minecraft:villager_type registry
[041月2026 00:11:28.044] [main/DEBUG] [net.minecraftforge.registries.GameData/REGISTRIES]: Applying holder lookups: minecraft:villager_type
[041月2026 00:11:28.045] [main/DEBUG] [net.minecraftforge.registries.GameData/REGISTRIES]: Holder lookups applied: minecraft:villager_type
[041月2026 00:11:28.046] [main/INFO] [KubeJS/]: Skipping minecraft:villager_profession registry
[041月2026 00:11:28.048] [main/DEBUG] [net.minecraftforge.registries.GameData/REGISTRIES]: Applying holder lookups: minecraft:villager_profession
[041月2026 00:11:28.048] [main/DEBUG] [net.minecraftforge.registries.GameData/REGISTRIES]: Holder lookups applied: minecraft:villager_profession
[041月2026 00:11:28.049] [main/INFO] [KubeJS/]: Skipping minecraft:point_of_interest_type registry
[041月2026 00:11:28.049] [main/DEBUG] [net.minecraftforge.registries.GameData/REGISTRIES]: Applying holder lookups: minecraft:point_of_interest_type
[041月2026 00:11:28.050] [main/DEBUG] [net.minecraftforge.registries.GameData/REGISTRIES]: Holder lookups applied: minecraft:point_of_interest_type
[041月2026 00:11:28.050] [main/INFO] [KubeJS/]: Skipping minecraft:schedule registry
[041月2026 00:11:28.050] [main/DEBUG] [net.minecraftforge.registries.GameData/REGISTRIES]: Applying holder lookups: minecraft:schedule
[041月2026 00:11:28.050] [main/DEBUG] [net.minecraftforge.registries.GameData/REGISTRIES]: Holder lookups applied: minecraft:schedule
[041月2026 00:11:28.050] [main/INFO] [KubeJS/]: Skipping minecraft:activity registry
[041月2026 00:11:28.050] [main/DEBUG] [net.minecraftforge.registries.GameData/REGISTRIES]: Applying holder lookups: minecraft:activity
[041月2026 00:11:28.051] [main/DEBUG] [net.minecraftforge.registries.GameData/REGISTRIES]: Holder lookups applied: minecraft:activity
[041月2026 00:11:28.052] [main/INFO] [KubeJS/]: Skipping minecraft:loot_pool_entry_type registry
[041月2026 00:11:28.053] [main/DEBUG] [net.minecraftforge.registries.GameData/REGISTRIES]: Applying holder lookups: minecraft:loot_pool_entry_type
[041月2026 00:11:28.053] [main/DEBUG] [net.minecraftforge.registries.GameData/REGISTRIES]: Holder lookups applied: minecraft:loot_pool_entry_type
[041月2026 00:11:28.060] [main/INFO] [KubeJS/]: Skipping minecraft:loot_function_type registry
[041月2026 00:11:28.060] [main/DEBUG] [net.minecraftforge.registries.GameData/REGISTRIES]: Applying holder lookups: minecraft:loot_function_type
[041月2026 00:11:28.062] [main/DEBUG] [net.minecraftforge.registries.GameData/REGISTRIES]: Holder lookups applied: minecraft:loot_function_type
[041月2026 00:11:28.065] [main/INFO] [KubeJS/]: Skipping minecraft:loot_condition_type registry
[041月2026 00:11:28.088] [main/DEBUG] [net.minecraftforge.registries.GameData/REGISTRIES]: Applying holder lookups: minecraft:loot_condition_type
[041月2026 00:11:28.089] [main/DEBUG] [net.minecraftforge.registries.GameData/REGISTRIES]: Holder lookups applied: minecraft:loot_condition_type
[041月2026 00:11:28.089] [main/INFO] [KubeJS/]: Skipping minecraft:loot_number_provider_type registry
[041月2026 00:11:28.090] [main/DEBUG] [net.minecraftforge.registries.GameData/REGISTRIES]: Applying holder lookups: minecraft:loot_number_provider_type
[041月2026 00:11:28.090] [main/DEBUG] [net.minecraftforge.registries.GameData/REGISTRIES]: Holder lookups applied: minecraft:loot_number_provider_type
[041月2026 00:11:28.090] [main/INFO] [KubeJS/]: Skipping minecraft:loot_nbt_provider_type registry
[041月2026 00:11:28.090] [main/DEBUG] [net.minecraftforge.registries.GameData/REGISTRIES]: Applying holder lookups: minecraft:loot_nbt_provider_type
[041月2026 00:11:28.091] [main/DEBUG] [net.minecraftforge.registries.GameData/REGISTRIES]: Holder lookups applied: minecraft:loot_nbt_provider_type
[041月2026 00:11:28.091] [main/INFO] [KubeJS/]: Skipping minecraft:loot_score_provider_type registry
[041月2026 00:11:28.091] [main/DEBUG] [net.minecraftforge.registries.GameData/REGISTRIES]: Applying holder lookups: minecraft:loot_score_provider_type
[041月2026 00:11:28.091] [main/DEBUG] [net.minecraftforge.registries.GameData/REGISTRIES]: Holder lookups applied: minecraft:loot_score_provider_type
[041月2026 00:11:28.091] [main/INFO] [KubeJS/]: Skipping minecraft:float_provider_type registry
[041月2026 00:11:28.091] [main/DEBUG] [net.minecraftforge.registries.GameData/REGISTRIES]: Applying holder lookups: minecraft:float_provider_type
[041月2026 00:11:28.092] [main/DEBUG] [net.minecraftforge.registries.GameData/REGISTRIES]: Holder lookups applied: minecraft:float_provider_type
[041月2026 00:11:28.092] [main/INFO] [KubeJS/]: Skipping minecraft:int_provider_type registry
[041月2026 00:11:28.092] [main/DEBUG] [net.minecraftforge.registries.GameData/REGISTRIES]: Applying holder lookups: minecraft:int_provider_type
[041月2026 00:11:28.092] [main/DEBUG] [net.minecraftforge.registries.GameData/REGISTRIES]: Holder lookups applied: minecraft:int_provider_type
[041月2026 00:11:28.092] [main/INFO] [KubeJS/]: Skipping minecraft:height_provider_type registry
[041月2026 00:11:28.092] [main/DEBUG] [net.minecraftforge.registries.GameData/REGISTRIES]: Applying holder lookups: minecraft:height_provider_type
[041月2026 00:11:28.093] [main/DEBUG] [net.minecraftforge.registries.GameData/REGISTRIES]: Holder lookups applied: minecraft:height_provider_type
[041月2026 00:11:28.093] [main/INFO] [KubeJS/]: Skipping minecraft:block_predicate_type registry
[041月2026 00:11:28.093] [main/DEBUG] [net.minecraftforge.registries.GameData/REGISTRIES]: Applying holder lookups: minecraft:block_predicate_type
[041月2026 00:11:28.093] [main/DEBUG] [net.minecraftforge.registries.GameData/REGISTRIES]: Holder lookups applied: minecraft:block_predicate_type
[041月2026 00:11:28.094] [main/INFO] [KubeJS/]: Skipping minecraft:worldgen/carver registry
[041月2026 00:11:28.094] [main/DEBUG] [net.minecraftforge.registries.GameData/REGISTRIES]: Applying holder lookups: minecraft:worldgen/carver
[041月2026 00:11:28.094] [main/DEBUG] [net.minecraftforge.registries.GameData/REGISTRIES]: Holder lookups applied: minecraft:worldgen/carver
[041月2026 00:11:28.095] [main/INFO] [KubeJS/]: Skipping minecraft:worldgen/feature registry
[041月2026 00:11:28.095] [main/DEBUG] [net.minecraftforge.registries.GameData/REGISTRIES]: Applying holder lookups: minecraft:worldgen/feature
[041月2026 00:11:28.096] [main/DEBUG] [net.minecraftforge.registries.GameData/REGISTRIES]: Holder lookups applied: minecraft:worldgen/feature
[041月2026 00:11:28.098] [main/INFO] [KubeJS/]: Skipping minecraft:worldgen/structure_processor registry
[041月2026 00:11:28.100] [main/DEBUG] [net.minecraftforge.registries.GameData/REGISTRIES]: Applying holder lookups: minecraft:worldgen/structure_processor
[041月2026 00:11:28.101] [main/DEBUG] [net.minecraftforge.registries.GameData/REGISTRIES]: Holder lookups applied: minecraft:worldgen/structure_processor
[041月2026 00:11:28.101] [main/INFO] [KubeJS/]: Skipping minecraft:worldgen/structure_placement registry
[041月2026 00:11:28.101] [main/DEBUG] [net.minecraftforge.registries.GameData/REGISTRIES]: Applying holder lookups: minecraft:worldgen/structure_placement
[041月2026 00:11:28.102] [main/DEBUG] [net.minecraftforge.registries.GameData/REGISTRIES]: Holder lookups applied: minecraft:worldgen/structure_placement
[041月2026 00:11:28.102] [main/INFO] [KubeJS/]: Skipping minecraft:worldgen/structure_piece registry
[041月2026 00:11:28.102] [main/DEBUG] [net.minecraftforge.registries.GameData/REGISTRIES]: Applying holder lookups: minecraft:worldgen/structure_piece
[041月2026 00:11:28.103] [main/DEBUG] [net.minecraftforge.registries.GameData/REGISTRIES]: Holder lookups applied: minecraft:worldgen/structure_piece
[041月2026 00:11:28.103] [main/INFO] [KubeJS/]: Skipping minecraft:worldgen/structure_type registry
[041月2026 00:11:28.104] [main/DEBUG] [net.minecraftforge.registries.GameData/REGISTRIES]: Applying holder lookups: minecraft:worldgen/structure_type
[041月2026 00:11:28.104] [main/DEBUG] [net.minecraftforge.registries.GameData/REGISTRIES]: Holder lookups applied: minecraft:worldgen/structure_type
[041月2026 00:11:28.104] [main/INFO] [KubeJS/]: Skipping minecraft:worldgen/placement_modifier_type registry
[041月2026 00:11:28.104] [main/DEBUG] [net.minecraftforge.registries.GameData/REGISTRIES]: Applying holder lookups: minecraft:worldgen/placement_modifier_type
[041月2026 00:11:28.105] [main/DEBUG] [net.minecraftforge.registries.GameData/REGISTRIES]: Holder lookups applied: minecraft:worldgen/placement_modifier_type
[041月2026 00:11:28.105] [main/INFO] [KubeJS/]: Skipping minecraft:worldgen/block_state_provider_type registry
[041月2026 00:11:28.109] [main/DEBUG] [net.minecraftforge.registries.GameData/REGISTRIES]: Applying holder lookups: minecraft:worldgen/block_state_provider_type
[041月2026 00:11:28.111] [main/DEBUG] [net.minecraftforge.registries.GameData/REGISTRIES]: Holder lookups applied: minecraft:worldgen/block_state_provider_type
[041月2026 00:11:28.111] [main/INFO] [KubeJS/]: Skipping minecraft:worldgen/foliage_placer_type registry
[041月2026 00:11:28.111] [main/DEBUG] [net.minecraftforge.registries.GameData/REGISTRIES]: Applying holder lookups: minecraft:worldgen/foliage_placer_type
[041月2026 00:11:28.112] [main/DEBUG] [net.minecraftforge.registries.GameData/REGISTRIES]: Holder lookups applied: minecraft:worldgen/foliage_placer_type
[041月2026 00:11:28.112] [main/INFO] [KubeJS/]: Skipping minecraft:worldgen/trunk_placer_type registry
[041月2026 00:11:28.115] [main/DEBUG] [net.minecraftforge.registries.GameData/REGISTRIES]: Applying holder lookups: minecraft:worldgen/trunk_placer_type
[041月2026 00:11:28.116] [main/DEBUG] [net.minecraftforge.registries.GameData/REGISTRIES]: Holder lookups applied: minecraft:worldgen/trunk_placer_type
[041月2026 00:11:28.116] [main/INFO] [KubeJS/]: Skipping minecraft:worldgen/root_placer_type registry
[041月2026 00:11:28.116] [main/DEBUG] [net.minecraftforge.registries.GameData/REGISTRIES]: Applying holder lookups: minecraft:worldgen/root_placer_type
[041月2026 00:11:28.117] [main/DEBUG] [net.minecraftforge.registries.GameData/REGISTRIES]: Holder lookups applied: minecraft:worldgen/root_placer_type
[041月2026 00:11:28.117] [main/INFO] [KubeJS/]: Skipping minecraft:worldgen/tree_decorator_type registry
[041月2026 00:11:28.117] [main/DEBUG] [net.minecraftforge.registries.GameData/REGISTRIES]: Applying holder lookups: minecraft:worldgen/tree_decorator_type
[041月2026 00:11:28.118] [main/DEBUG] [net.minecraftforge.registries.GameData/REGISTRIES]: Holder lookups applied: minecraft:worldgen/tree_decorator_type
[041月2026 00:11:28.118] [main/INFO] [KubeJS/]: Skipping minecraft:worldgen/feature_size_type registry
[041月2026 00:11:28.118] [main/DEBUG] [net.minecraftforge.registries.GameData/REGISTRIES]: Applying holder lookups: minecraft:worldgen/feature_size_type
[041月2026 00:11:28.119] [main/DEBUG] [net.minecraftforge.registries.GameData/REGISTRIES]: Holder lookups applied: minecraft:worldgen/feature_size_type
[041月2026 00:11:28.119] [main/INFO] [KubeJS/]: Skipping minecraft:worldgen/biome_source registry
[041月2026 00:11:28.119] [main/DEBUG] [net.minecraftforge.registries.GameData/REGISTRIES]: Applying holder lookups: minecraft:worldgen/biome_source
[041月2026 00:11:28.119] [main/DEBUG] [net.minecraftforge.registries.GameData/REGISTRIES]: Holder lookups applied: minecraft:worldgen/biome_source
[041月2026 00:11:28.119] [main/INFO] [KubeJS/]: Skipping minecraft:worldgen/chunk_generator registry
[041月2026 00:11:28.119] [main/DEBUG] [net.minecraftforge.registries.GameData/REGISTRIES]: Applying holder lookups: minecraft:worldgen/chunk_generator
[041月2026 00:11:28.120] [main/DEBUG] [net.minecraftforge.registries.GameData/REGISTRIES]: Holder lookups applied: minecraft:worldgen/chunk_generator
[041月2026 00:11:28.120] [main/INFO] [KubeJS/]: Skipping minecraft:worldgen/material_condition registry
[041月2026 00:11:28.120] [main/DEBUG] [net.minecraftforge.registries.GameData/REGISTRIES]: Applying holder lookups: minecraft:worldgen/material_condition
[041月2026 00:11:28.121] [main/DEBUG] [net.minecraftforge.registries.GameData/REGISTRIES]: Holder lookups applied: minecraft:worldgen/material_condition
[041月2026 00:11:28.121] [main/INFO] [KubeJS/]: Skipping minecraft:worldgen/material_rule registry
[041月2026 00:11:28.121] [main/DEBUG] [net.minecraftforge.registries.GameData/REGISTRIES]: Applying holder lookups: minecraft:worldgen/material_rule
[041月2026 00:11:28.121] [main/DEBUG] [net.minecraftforge.registries.GameData/REGISTRIES]: Holder lookups applied: minecraft:worldgen/material_rule
[041月2026 00:11:28.122] [main/INFO] [KubeJS/]: Skipping minecraft:worldgen/density_function_type registry
[041月2026 00:11:28.122] [main/DEBUG] [net.minecraftforge.registries.GameData/REGISTRIES]: Applying holder lookups: minecraft:worldgen/density_function_type
[041月2026 00:11:28.122] [main/DEBUG] [net.minecraftforge.registries.GameData/REGISTRIES]: Holder lookups applied: minecraft:worldgen/density_function_type
[041月2026 00:11:28.123] [main/INFO] [KubeJS/]: Skipping minecraft:worldgen/structure_pool_element registry
[041月2026 00:11:28.123] [main/DEBUG] [net.minecraftforge.registries.GameData/REGISTRIES]: Applying holder lookups: minecraft:worldgen/structure_pool_element
[041月2026 00:11:28.123] [main/DEBUG] [net.minecraftforge.registries.GameData/REGISTRIES]: Holder lookups applied: minecraft:worldgen/structure_pool_element
[041月2026 00:11:28.124] [main/INFO] [KubeJS/]: Skipping minecraft:cat_variant registry
[041月2026 00:11:28.124] [main/DEBUG] [net.minecraftforge.registries.GameData/REGISTRIES]: Applying holder lookups: minecraft:cat_variant
[041月2026 00:11:28.124] [main/DEBUG] [net.minecraftforge.registries.GameData/REGISTRIES]: Holder lookups applied: minecraft:cat_variant
[041月2026 00:11:28.125] [main/INFO] [KubeJS/]: Skipping minecraft:frog_variant registry
[041月2026 00:11:28.125] [main/DEBUG] [net.minecraftforge.registries.GameData/REGISTRIES]: Applying holder lookups: minecraft:frog_variant
[041月2026 00:11:28.125] [main/DEBUG] [net.minecraftforge.registries.GameData/REGISTRIES]: Holder lookups applied: minecraft:frog_variant
[041月2026 00:11:28.125] [main/INFO] [KubeJS/]: Skipping minecraft:banner_pattern registry
[041月2026 00:11:28.125] [main/DEBUG] [net.minecraftforge.registries.GameData/REGISTRIES]: Applying holder lookups: minecraft:banner_pattern
[041月2026 00:11:28.126] [main/DEBUG] [net.minecraftforge.registries.GameData/REGISTRIES]: Holder lookups applied: minecraft:banner_pattern
[041月2026 00:11:28.126] [main/INFO] [KubeJS/]: Skipping minecraft:instrument registry
[041月2026 00:11:28.126] [main/DEBUG] [net.minecraftforge.registries.GameData/REGISTRIES]: Applying holder lookups: minecraft:instrument
[041月2026 00:11:28.127] [main/DEBUG] [net.minecraftforge.registries.GameData/REGISTRIES]: Holder lookups applied: minecraft:instrument
[041月2026 00:11:28.127] [main/INFO] [KubeJS/]: Skipping minecraft:decorated_pot_patterns registry
[041月2026 00:11:28.128] [main/DEBUG] [net.minecraftforge.registries.GameData/REGISTRIES]: Applying holder lookups: minecraft:decorated_pot_patterns
[041月2026 00:11:28.128] [main/DEBUG] [net.minecraftforge.registries.GameData/REGISTRIES]: Holder lookups applied: minecraft:decorated_pot_patterns
[041月2026 00:11:28.132] [main/INFO] [KubeJS/]: Skipping minecraft:creative_mode_tab registry
[041月2026 00:11:28.133] [main/DEBUG] [net.minecraftforge.registries.GameData/REGISTRIES]: Applying holder lookups: minecraft:creative_mode_tab
[041月2026 00:11:28.133] [main/DEBUG] [net.minecraftforge.registries.GameData/REGISTRIES]: Holder lookups applied: minecraft:creative_mode_tab
[041月2026 00:11:28.135] [main/INFO] [KubeJS/]: Skipping forge:biome_modifier_serializers registry
[041月2026 00:11:28.150] [main/DEBUG] [net.minecraftforge.registries.GameData/REGISTRIES]: Applying holder lookups: forge:biome_modifier_serializers
[041月2026 00:11:28.152] [main/DEBUG] [net.minecraftforge.registries.GameData/REGISTRIES]: Holder lookups applied: forge:biome_modifier_serializers
[041月2026 00:11:28.152] [main/INFO] [KubeJS/]: Skipping forge:display_contexts registry
[041月2026 00:11:28.153] [main/DEBUG] [net.minecraftforge.registries.GameData/REGISTRIES]: Applying holder lookups: forge:display_contexts
[041月2026 00:11:28.153] [main/DEBUG] [net.minecraftforge.registries.GameData/REGISTRIES]: Holder lookups applied: forge:display_contexts
[041月2026 00:11:28.153] [main/INFO] [KubeJS/]: Skipping forge:entity_data_serializers registry
[041月2026 00:11:28.154] [main/DEBUG] [net.minecraftforge.registries.GameData/REGISTRIES]: Applying holder lookups: forge:entity_data_serializers
[041月2026 00:11:28.154] [main/DEBUG] [net.minecraftforge.registries.GameData/REGISTRIES]: Holder lookups applied: forge:entity_data_serializers
[041月2026 00:11:28.154] [main/INFO] [KubeJS/]: Skipping forge:fluid_type registry
[041月2026 00:11:28.162] [main/DEBUG] [net.minecraftforge.registries.GameData/REGISTRIES]: Applying holder lookups: forge:fluid_type
[041月2026 00:11:28.163] [main/DEBUG] [net.minecraftforge.registries.GameData/REGISTRIES]: Holder lookups applied: forge:fluid_type
[041月2026 00:11:28.167] [main/INFO] [KubeJS/]: Skipping forge:global_loot_modifier_serializers registry
[041月2026 00:11:28.169] [main/DEBUG] [net.minecraftforge.registries.GameData/REGISTRIES]: Applying holder lookups: forge:global_loot_modifier_serializers
[041月2026 00:11:28.170] [main/DEBUG] [net.minecraftforge.registries.GameData/REGISTRIES]: Holder lookups applied: forge:global_loot_modifier_serializers
[041月2026 00:11:28.170] [main/INFO] [KubeJS/]: Skipping forge:holder_set_type registry
[041月2026 00:11:28.183] [main/DEBUG] [net.minecraftforge.registries.GameData/REGISTRIES]: Applying holder lookups: forge:holder_set_type
[041月2026 00:11:28.184] [main/DEBUG] [net.minecraftforge.registries.GameData/REGISTRIES]: Holder lookups applied: forge:holder_set_type
[041月2026 00:11:28.184] [main/INFO] [KubeJS/]: Skipping forge:structure_modifier_serializers registry
[041月2026 00:11:28.185] [main/DEBUG] [net.minecraftforge.registries.GameData/REGISTRIES]: Applying holder lookups: forge:structure_modifier_serializers
[041月2026 00:11:28.185] [main/DEBUG] [net.minecraftforge.registries.GameData/REGISTRIES]: Holder lookups applied: forge:structure_modifier_serializers
[041月2026 00:11:28.186] [main/INFO] [KubeJS/]: Skipping irons_spellbooks:schools registry
[041月2026 00:11:28.186] [main/DEBUG] [net.minecraftforge.registries.GameData/REGISTRIES]: Applying holder lookups: irons_spellbooks:schools
[041月2026 00:11:28.186] [main/DEBUG] [net.minecraftforge.registries.GameData/REGISTRIES]: Holder lookups applied: irons_spellbooks:schools
[041月2026 00:11:28.187] [main/INFO] [KubeJS/]: Skipping irons_spellbooks:spells registry
[041月2026 00:11:28.187] [main/DEBUG] [net.minecraftforge.registries.GameData/REGISTRIES]: Applying holder lookups: irons_spellbooks:spells
[041月2026 00:11:28.188] [main/DEBUG] [net.minecraftforge.registries.GameData/REGISTRIES]: Holder lookups applied: irons_spellbooks:spells
[041月2026 00:11:28.188] [main/INFO] [KubeJS/]: Skipping minecraft:worldgen/biome registry
[041月2026 00:11:28.188] [main/DEBUG] [net.minecraftforge.registries.GameData/REGISTRIES]: Applying holder lookups: minecraft:worldgen/biome
[041月2026 00:11:28.188] [main/DEBUG] [net.minecraftforge.registries.GameData/REGISTRIES]: Holder lookups applied: minecraft:worldgen/biome
[041月2026 00:11:28.392] [Worker-Main-1/DEBUG] [mixin/]: Mixing MapDataMixin from moonlight-common.mixins.json into net.minecraft.world.level.saveddata.maps.MapItemSavedData
[041月2026 00:11:28.392] [Worker-Main-1/DEBUG] [mixin/]: Renaming synthetic method lambda$save$3(Lnet/minecraft/nbt/CompoundTag;Lnet/minecraft/resources/ResourceLocation;Lnet/mehvahdjukaar/moonlight/api/map/CustomMapData;)V to mdcdc069$lambda$save$3$0 in moonlight-common.mixins.json:MapDataMixin
[041月2026 00:11:28.392] [Worker-Main-1/DEBUG] [mixin/]: Renaming synthetic method lambda$load$2(Lnet/minecraft/nbt/CompoundTag;Lnet/mehvahdjukaar/moonlight/api/map/CustomMapData;)V to mdcdc069$lambda$load$2$1 in moonlight-common.mixins.json:MapDataMixin
[041月2026 00:11:28.392] [Worker-Main-1/DEBUG] [mixin/]: Renaming synthetic method lambda$setCustomDataDirty$1(Lnet/mehvahdjukaar/moonlight/api/map/CustomMapData$Type;Ljava/util/function/Consumer;Lnet/minecraft/world/level/saveddata/maps/MapItemSavedData$HoldingPlayer;)V to mdcdc069$lambda$setCustomDataDirty$1$2 in moonlight-common.mixins.json:MapDataMixin
[041月2026 00:11:28.392] [Worker-Main-1/DEBUG] [mixin/]: Renaming synthetic method lambda$setCustomDecorationsDirty$0(Lnet/minecraft/world/level/saveddata/maps/MapItemSavedData$HoldingPlayer;)V to mdcdc069$lambda$setCustomDecorationsDirty$0$3 in moonlight-common.mixins.json:MapDataMixin
[041月2026 00:11:28.449] [main/WARN] [net.minecraft.server.packs.VanillaPackResourcesBuilder/]: Assets URL 'union:/F:/ArsExtensions/build/fg_cache/net/minecraftforge/forge/1.20.1-47.3.29_mapped_official_1.20.1/forge-1.20.1-47.3.29_mapped_official_1.20.1-recomp.jar%23191!/assets/.mcassetsroot' uses unexpected schema
[041月2026 00:11:28.450] [main/WARN] [net.minecraft.server.packs.VanillaPackResourcesBuilder/]: Assets URL 'union:/F:/ArsExtensions/build/fg_cache/net/minecraftforge/forge/1.20.1-47.3.29_mapped_official_1.20.1/forge-1.20.1-47.3.29_mapped_official_1.20.1-recomp.jar%23191!/data/.mcassetsroot' uses unexpected schema
[041月2026 00:11:28.473] [main/DEBUG] [mixin/]: Mixing MultiPackResourceManagerMixin from moonlight-common.mixins.json into net.minecraft.server.packs.resources.MultiPackResourceManager
[041月2026 00:11:28.548] [main/DEBUG] [mixin/]: Mixing TagManagerMixin from kubejs-common.mixins.json into net.minecraft.tags.TagManager
[041月2026 00:11:28.741] [main/DEBUG] [mixin/]: Mixing IngredientTagValueMixin from kubejs-common.mixins.json into net.minecraft.world.item.crafting.Ingredient$TagValue
[041月2026 00:11:28.852] [main/INFO] [net.minecraft.data.DataGenerator/]: Starting provider: Item Models: ars_extensions
[041月2026 00:11:28.875] [main/INFO] [net.minecraft.data.DataGenerator/]: Item Models: ars_extensions finished after 21 ms
[041月2026 00:11:28.875] [main/INFO] [net.minecraft.data.DataGenerator/]: Starting provider: Recipes
[041月2026 00:11:28.876] [main/INFO] [net.minecraft.data.DataGenerator/]: Recipes finished after 0 ms
[041月2026 00:11:28.876] [main/INFO] [net.minecraft.data.DataGenerator/]: All providers took: 26 ms
[041月2026 00:11:28.887] [main/INFO] [net.minecraft.data.HashCache/]: Caching: total files: 15, old count: 13, new count: 16, removed stale: 0, written: 2
